Rk,G,Date,Age,Tm,,Opp,RESULT,GS,MP,FG,FGA,FG%,3P,3PA,3P%,FT,FTA,FT%,ORB,DRB,TRB,AST,STL,BLK,TOV,PF,PTS,GmSc,+/-
1,1,10/28/2009,20-063,OKC,,SAC,W (+13),0,12:59,2,2,1,1,1,1,0,0,,0,2,2,0,0,0,0,3,5,3.8,-5
2,2,10/30/2009,20-065,OKC,@,DET,W (+8),0,16:38,1,6,0.167,0,1,0,0,0,,1,1,2,8,0,0,0,3,2,3.6,17
3,3,11/1/2009,20-067,OKC,,POR,L (-9),0,17:52,2,9,0.222,2,3,0.667,0,0,,1,2,3,2,1,1,1,2,6,3.1,4
4,4,11/3/2009,20-069,OKC,,LAL,L (-3),0,17:04,3,9,0.333,1,2,0.5,2,2,1,0,1,1,3,1,0,0,2,9,6.5,16
5,5,11/6/2009,20-072,OKC,@,HOU,L (-11),0,10:02,2,3,0.667,0,0,,0,0,,0,1,1,1,0,0,1,1,4,2.3,-8
6,6,11/8/2009,20-074,OKC,,ORL,W (+28),0,19:13,2,5,0.4,0,1,0,1,2,0.5,1,3,4,5,2,0,0,3,5,7.8,0
7,7,11/10/2009,20-076,OKC,@,SAC,L (-3),0,19:24,3,7,0.429,3,5,0.6,0,0,,0,4,4,1,1,1,1,3,9,6.7,1
8,8,11/11/2009,20-077,OKC,@,LAC,W (+4),0,23:54,3,8,0.375,0,3,0,1,2,0.5,0,5,5,8,1,1,2,1,7,8.6,9
9,9,11/14/2009,20-080,OKC,@,SAS,W (+3),0,19:57,3,6,0.5,0,1,0,2,3,0.667,1,1,2,1,1,1,2,4,8,4.4,-3
10,10,11/15/2009,20-081,OKC,,LAC,L (-8),0,17:38,0,8,0,0,5,0,4,4,1,1,2,3,2,1,0,2,1,4,-0.3,-9
11,11,11/17/2009,20-083,OKC,@,MIA,W (+13),0,14:16,1,3,0.333,1,3,0.333,2,2,1,0,2,2,0,0,0,2,4,5,0.3,6
12,12,11/18/2009,20-084,OKC,@,ORL,L (-14),0,30:51:00,7,14,0.5,6,7,0.857,4,4,1,0,3,3,3,1,0,1,2,24,19.2,5
13,13,11/20/2009,20-086,OKC,,WAS,W (+19),0,26:24:00,8,11,0.727,4,6,0.667,5,6,0.833,3,1,4,1,4,0,2,5,25,23.2,4
14,14,11/22/2009,20-088,OKC,@,LAL,L (-16),0,30:21:00,2,15,0.133,0,10,0,6,6,1,0,3,3,6,3,2,3,3,10,5.6,-4
15,15,11/24/2009,20-090,OKC,@,UTA,W (+10),0,19:38,4,5,0.8,1,2,0.5,1,1,1,0,2,2,1,0,0,0,1,10,9,6
16,16,11/27/2009,20-093,OKC,,MIL,W (+18),0,27:18:00,6,7,0.857,3,3,1,0,2,0,1,1,2,2,1,0,2,3,15,11.9,1
17,17,11/29/2009,20-095,OKC,,HOU,L (-9),0,19:16,1,4,0.25,0,1,0,3,4,0.75,0,3,3,0,2,0,1,3,5,2.9,-12
18,18,12/2/2009,20-098,OKC,,PHI,W (+11),0,27:01:00,3,7,0.429,1,3,0.333,2,2,1,3,2,5,1,0,0,3,1,9,5.3,12
19,19,12/4/2009,20-100,OKC,,BOS,L (-18),0,23:27,1,6,0.167,0,3,0,4,6,0.667,0,5,5,1,1,0,1,1,6,3.2,3
20,20,12/7/2009,20-103,OKC,,GSW,W (+16),0,29:40:00,6,13,0.462,1,4,0.25,13,14,0.929,2,7,9,5,2,0,0,2,26,27.1,17
21,21,12/11/2009,20-107,OKC,@,MEM,W (+8),0,23:07,2,11,0.182,0,2,0,2,2,1,2,3,5,4,2,1,1,1,6,5.5,5
22,22,12/13/2009,20-109,OKC,,CLE,L (-13),0,20:55,1,3,0.333,0,0,,1,2,0.5,1,1,2,2,0,0,2,2,3,0.5,-7
23,23,12/14/2009,20-110,OKC,@,DEN,L (-9),0,23:42,3,7,0.429,1,1,1,2,2,1,2,1,3,5,0,0,4,4,9,4.9,1
24,24,12/16/2009,20-112,OKC,,DAL,L (-14),0,28:57:00,3,9,0.333,0,4,0,6,9,0.667,2,4,6,1,1,0,3,2,12,6.2,-15
25,25,12/18/2009,20-114,OKC,,DET,W (+11),0,25:48:00,5,11,0.455,2,3,0.667,2,2,1,1,2,3,7,1,1,1,4,14,13.6,19
26,26,12/19/2009,20-115,OKC,@,HOU,L (-5),0,31:54:00,5,11,0.455,0,3,0,5,5,1,2,1,3,0,0,1,0,4,15,10.1,8
27,27,12/22/2009,20-118,OKC,@,LAL,L (-3),0,26:01:00,6,14,0.429,2,3,0.667,2,2,1,1,1,2,0,0,0,0,3,16,8.4,-2
28,28,12/23/2009,20-119,OKC,@,PHO,W (+4),0,27:40:00,3,9,0.333,1,4,0.25,7,7,1,1,3,4,1,2,0,2,5,14,9.2,3
29,29,12/26/2009,20-122,OKC,,CHA,W (+7),0,25:26:00,3,6,0.5,1,2,0.5,1,3,0.333,0,4,4,3,2,0,1,2,8,7.7,0
30,30,12/28/2009,20-124,OKC,@,NJN,W (+16),0,22:39,0,10,0,0,4,0,3,4,0.75,3,3,6,1,3,1,2,3,3,-0.2,7
31,31,12/29/2009,20-125,OKC,@,WAS,W (+12),0,16:01,3,7,0.429,1,1,1,4,6,0.667,0,2,2,1,0,0,1,2,11,6,9
32,32,12/31/2009,20-127,OKC,,UTA,W (+1),0,13:15,2,5,0.4,1,2,0.5,0,0,,0,2,2,0,1,0,2,0,5,1.9,0
33,33,1/2/2010,20-129,OKC,@,MIL,L (-6),0,17:32,1,4,0.25,0,3,0,1,2,0.5,0,3,3,1,0,0,3,3,3,-2.4,-7
34,34,1/4/2010,20-131,OKC,@,CHI,W (+13),0,26:32:00,5,11,0.455,3,5,0.6,0,0,,0,1,1,4,1,0,2,5,13,7.4,5
35,35,1/6/2010,20-133,OKC,,NOH,L (-5),0,24:29:00,3,8,0.375,1,3,0.333,2,4,0.5,0,0,0,0,0,0,0,1,9,3.4,-3
36,36,1/9/2010,20-136,OKC,,IND,W (+6),0,26:02:00,3,7,0.429,3,4,0.75,4,6,0.667,0,2,2,3,2,0,1,3,13,11,-9
37,37,1/11/2010,20-138,OKC,,NYK,W (+18),0,28:23:00,3,9,0.333,0,4,0,1,1,1,0,1,1,2,3,0,2,1,7,4.2,2
38,38,1/13/2010,20-140,OKC,,SAS,L (-1),0,32:48:00,3,5,0.6,1,2,0.5,5,6,0.833,0,7,7,1,1,0,1,3,12,10.9,8
39,39,1/15/2010,20-142,OKC,@,DAL,L (-1),0,25:32:00,4,8,0.5,2,4,0.5,1,2,0.5,1,2,3,1,1,0,2,5,11,5.6,-2
40,40,1/16/2010,20-143,OKC,,MIA,W (+18),0,21:23,4,9,0.444,2,3,0.667,4,4,1,0,3,3,0,0,0,1,2,14,8.4,5
41,41,1/18/2010,20-145,OKC,@,ATL,W (+3),0,23:26,5,11,0.455,1,3,0.333,0,0,,0,4,4,0,0,0,1,3,11,4.3,-3
42,42,1/20/2010,20-147,OKC,@,MIN,W (+2),0,25:38:00,5,11,0.455,2,7,0.286,0,0,,0,3,3,3,1,0,0,2,12,9.5,5
43,43,1/22/2010,20-149,OKC,@,MEM,L (-2),0,28:14:00,3,6,0.5,3,4,0.75,4,4,1,0,7,7,5,2,0,1,1,13,16.2,1
44,44,1/23/2010,20-150,OKC,@,CLE,L (-1),0,27:09:00,1,8,0.125,1,3,0.333,6,6,1,2,2,4,1,1,0,0,2,9,6.7,4
45,45,1/27/2010,20-154,OKC,,CHI,L (-10),0,18:30,3,10,0.3,2,4,0.5,0,0,,0,2,2,1,0,0,1,2,8,1.7,1
46,46,1/29/2010,20-156,OKC,,DEN,W (+17),0,19:43,4,8,0.5,3,5,0.6,1,2,0.5,0,1,1,1,1,0,2,3,12,6.4,6
47,47,1/31/2010,20-158,OKC,,GSW,W (+8),0,19:38,1,7,0.143,0,2,0,3,4,0.75,1,5,6,1,1,0,1,3,5,1.8,1
48,48,2/2/2010,20-160,OKC,,ATL,W (+7),0,20:10,2,6,0.333,1,4,0.25,4,5,0.8,0,1,1,2,1,0,1,3,9,5.7,-2
49,49,2/3/2010,20-161,OKC,@,NOH,W (+4),0,16:24,1,3,0.333,1,3,0.333,2,2,1,0,2,2,0,0,1,1,3,5,2.4,-1
50,50,2/6/2010,20-164,OKC,@,GSW,W (+9),0,22:00,3,8,0.375,1,3,0.333,0,0,,0,2,2,0,0,0,2,4,7,-0.4,1
51,51,2/9/2010,20-167,OKC,@,POR,W (+12),0,24:11:00,4,9,0.444,2,5,0.4,3,4,0.75,0,3,3,2,2,0,0,1,13,11.8,2
52,52,2/16/2010,20-174,OKC,,DAL,W (+13),0,31:22:00,5,7,0.714,3,4,0.75,4,4,1,0,5,5,6,0,0,2,5,17,15.8,16
53,53,2/20/2010,20-178,OKC,@,NYK,W (+3),0,31:20:00,4,9,0.444,1,3,0.333,5,7,0.714,0,5,5,2,1,1,4,4,14,7.5,4
54,54,2/21/2010,20-179,OKC,@,MIN,W (+2),0,20:50,3,6,0.5,2,3,0.667,0,0,,1,3,4,1,1,0,2,2,8,5.5,-10
55,55,2/23/2010,20-181,OKC,,PHO,L (-2),0,27:20:00,2,7,0.286,0,4,0,1,2,0.5,1,2,3,2,2,0,4,4,5,-0.4,13
56,56,2/24/2010,20-182,OKC,@,SAS,L (-8),0,27:02:00,3,7,0.429,2,4,0.5,0,0,,2,5,7,0,2,0,1,4,8,6.6,-6
57,57,2/26/2010,20-184,OKC,,MIN,W (+17),0,18:19,2,9,0.222,0,3,0,2,5,0.4,0,2,2,2,0,0,2,1,6,-1.1,-3
58,58,2/28/2010,20-186,OKC,,TOR,W (+20),0,25:30:00,4,8,0.5,0,3,0,4,4,1,0,4,4,1,1,0,1,6,12,7.5,2
59,59,3/2/2010,20-188,OKC,,SAC,W (+6),0,18:00,1,5,0.2,1,2,0.5,0,0,,0,1,1,0,1,0,1,5,3,-1.8,-15
60,60,3/3/2010,20-189,OKC,@,DEN,L (-29),0,28:48:00,3,8,0.375,3,5,0.6,10,11,0.909,3,2,5,1,3,0,3,3,19,16.4,-8
61,61,3/5/2010,20-191,OKC,@,LAC,W (+17),0,28:16:00,5,11,0.455,3,6,0.5,4,4,1,0,3,3,4,1,2,0,0,17,17.4,11
62,62,3/7/2010,20-193,OKC,@,SAC,W (+6),0,19:32,5,10,0.5,1,3,0.333,3,3,1,2,0,2,0,2,1,3,4,14,8.5,-1
63,63,3/10/2010,20-196,OKC,,NOH,W (+15),0,13:38,1,5,0.2,0,3,0,4,4,1,0,2,2,2,1,1,1,0,6,5.6,8
70,64,3/24/2010,20-210,OKC,,HOU,W (+18),0,25:55:00,6,10,0.6,3,4,0.75,8,8,1,0,2,2,2,2,1,1,3,23,20.9,23
71,65,3/26/2010,20-212,OKC,,LAL,W (+16),0,22:45,1,6,0.167,1,4,0.25,3,4,0.75,0,4,4,1,3,0,2,1,6,4.3,-2
72,66,3/28/2010,20-214,OKC,,POR,L (-5),0,16:17,1,5,0.2,0,4,0,1,2,0.5,1,1,2,0,0,0,1,3,3,-1.7,-2
73,67,3/30/2010,20-216,OKC,@,PHI,W (+18),0,21:26,5,7,0.714,2,2,1,0,0,,0,4,4,1,3,0,0,0,12,14,14
74,68,3/31/2010,20-217,OKC,@,BOS,W (+5),0,25:47:00,1,2,0.5,0,1,0,3,4,0.75,0,3,3,3,2,0,2,3,5,5.4,10
75,69,4/3/2010,20-220,OKC,@,DAL,W (+5),0,19:14,3,5,0.6,1,3,0.333,4,4,1,0,2,2,3,1,0,3,3,11,8.2,16
76,70,4/4/2010,20-221,OKC,,MIN,W (+8),0,14:51,3,6,0.5,0,0,,1,2,0.5,0,4,4,0,1,0,0,2,7,5,-2
77,71,4/6/2010,20-223,OKC,@,UTA,L (-1),0,28:39:00,4,7,0.571,2,5,0.4,5,6,0.833,0,4,4,0,1,0,2,3,15,10.3,13
78,72,4/7/2010,20-224,OKC,,DEN,L (-4),0,20:39,1,7,0.143,0,2,0,0,0,,1,0,1,0,0,1,1,3,2,-3.3,10
79,73,4/9/2010,20-226,OKC,,PHO,W (+5),0,16:00,0,4,0,0,2,0,2,4,0.5,0,2,2,0,0,1,2,2,2,-3.1,-2
80,74,4/11/2010,20-228,OKC,@,GSW,L (-3),0,31:26:00,7,11,0.636,3,6,0.5,1,2,0.5,2,1,3,1,0,1,0,3,18,14.6,-12
81,75,4/12/2010,20-229,OKC,@,POR,L (-8),0,23:09,5,8,0.625,1,2,0.5,1,2,0.5,1,3,4,0,1,0,1,2,12,8.8,5
82,76,4/14/2010,20-231,OKC,,MEM,W (+9),0,26:16:00,4,9,0.444,2,6,0.333,2,2,1,0,4,4,1,0,0,2,4,12,5.6,-1
1,1,10/27/2010,21-062,OKC,,CHI,W (+11),0,20:15,2,4,0.5,1,2,0.5,1,2,0.5,0,4,4,1,2,0,1,1,6,6.1,4
2,2,10/29/2010,21-064,OKC,@,DET,W (+1),0,16:25,0,5,0,0,1,0,1,2,0.5,0,1,1,0,1,1,1,2,1,-2.7,-10
3,3,10/31/2010,21-066,OKC,,UTA,L (-21),0,32:48:00,1,7,0.143,0,5,0,5,6,0.833,0,2,2,1,0,0,2,4,7,-0.2,-4
4,4,11/3/2010,21-069,OKC,@,LAC,L (-15),0,19:43,1,7,0.143,0,2,0,0,0,,1,2,3,1,0,0,1,2,2,-2.3,-4
5,5,11/4/2010,21-070,OKC,@,POR,W (+1),0,25:11:00,3,5,0.6,0,1,0,1,1,1,0,1,1,1,1,0,1,2,7,4.9,1
6,6,11/7/2010,21-073,OKC,,BOS,L (-9),0,19:51,2,2,1,2,2,1,0,0,,1,3,4,1,0,0,2,3,6,4.5,-15
7,7,11/10/2010,21-076,OKC,,PHI,W (+6),0,22:10,3,7,0.429,1,4,0.25,2,2,1,0,1,1,0,1,0,1,3,9,4.4,-2
8,8,11/12/2010,21-078,OKC,,POR,W (+2),0,20:46,3,5,0.6,2,3,0.667,4,4,1,2,1,3,2,1,0,1,3,12,11.6,-9
9,9,11/14/2010,21-080,OKC,,SAS,L (-13),0,36:43:00,5,10,0.5,2,5,0.4,2,2,1,0,5,5,1,3,0,1,3,14,12,-11
10,10,11/15/2010,21-081,OKC,@,UTA,W (+7),0,16:23,1,5,0.2,0,1,0,3,4,0.75,0,0,0,1,1,0,0,2,5,2.4,1
11,11,11/17/2010,21-083,OKC,,HOU,W (+17),0,29:00:00,3,6,0.5,1,3,0.333,3,4,0.75,1,2,3,4,1,0,2,2,10,8.9,13
12,12,11/19/2010,21-085,OKC,@,BOS,W (+5),1,36:59:00,2,8,0.25,1,2,0.5,7,8,0.875,0,6,6,4,1,0,3,3,12,8.2,7
13,13,11/20/2010,21-086,OKC,@,MIL,W (+1),1,39:52:00,6,13,0.462,6,8,0.75,5,6,0.833,0,9,9,4,1,0,2,1,23,20,7
14,14,11/22/2010,21-088,OKC,,MIN,W (+10),0,18:10,2,6,0.333,1,3,0.333,0,0,,0,1,1,2,3,0,0,1,5,5.9,-6
15,15,11/24/2010,21-090,OKC,,DAL,L (-8),0,17:05,1,4,0.25,1,1,1,1,1,1,0,3,3,3,1,0,1,1,4,4.2,7
16,16,11/26/2010,21-092,OKC,@,IND,W (+4),0,30:03:00,1,5,0.2,1,3,0.333,3,4,0.75,1,5,6,0,1,0,2,5,6,1.7,2
17,17,11/28/2010,21-094,OKC,@,HOU,L (-1),0,28:53:00,3,8,0.375,1,2,0.5,3,4,0.75,0,2,2,0,2,1,3,2,10,4.7,0
18,18,11/29/2010,21-095,OKC,,NOH,W (+6),0,17:23,2,5,0.4,0,3,0,0,0,,1,4,5,2,1,1,0,4,4,4.7,1
19,19,12/1/2010,21-097,OKC,@,NJN,W (+3),0,42:25:00,4,11,0.364,1,2,0.5,7,9,0.778,1,6,7,3,2,0,2,5,16,11.7,3
20,20,12/3/2010,21-099,OKC,@,TOR,L (-12),0,29:40:00,5,14,0.357,3,7,0.429,7,8,0.875,1,3,4,3,0,0,0,3,20,14.3,-6
21,21,12/5/2010,21-101,OKC,,GSW,W (+5),0,24:30:00,3,6,0.5,2,3,0.667,4,4,1,1,1,2,1,2,0,1,3,12,10.5,-8
22,22,12/6/2010,21-102,OKC,@,CHI,L (-9),0,27:44:00,3,12,0.25,1,4,0.25,6,9,0.667,0,1,1,1,0,0,1,2,13,3.8,-19
23,23,12/8/2010,21-104,OKC,@,MIN,W (+8),0,24:39:00,1,4,0.25,1,2,0.5,3,3,1,0,2,2,6,1,1,2,2,6,7.3,5
24,24,12/10/2010,21-106,OKC,@,NOH,W (+5),0,17:27,3,7,0.429,0,2,0,2,2,1,0,1,1,0,3,0,3,2,8,3.8,-7
25,25,12/12/2010,21-108,OKC,,CLE,W (+29),0,20:51,6,8,0.75,2,3,0.667,5,6,0.833,0,3,3,3,0,0,1,2,19,16.6,26
26,26,12/15/2010,21-111,OKC,,HOU,W (+12),0,31:54:00,5,7,0.714,2,3,0.667,4,5,0.8,1,3,4,4,1,0,2,4,16,14.5,10
27,27,12/17/2010,21-113,OKC,,SAC,W (+15),0,21:37,3,10,0.3,1,4,0.25,4,6,0.667,0,1,1,0,0,1,1,0,11,4.4,4
28,28,12/19/2010,21-115,OKC,,PHO,L (-3),0,24:56:00,1,3,0.333,0,2,0,9,9,1,2,5,7,2,3,0,0,3,11,15.4,7
29,29,12/21/2010,21-117,OKC,@,CHA,W (+18),0,23:01,5,8,0.625,3,4,0.75,0,1,0,0,4,4,2,1,0,1,4,13,10,15
30,30,12/22/2010,21-118,OKC,@,NYK,L (-14),0,26:53:00,3,8,0.375,0,4,0,7,8,0.875,1,4,5,3,2,1,1,0,13,13.9,-5
31,31,12/25/2010,21-121,OKC,,DEN,W (+8),0,28:29:00,6,11,0.545,2,6,0.333,7,8,0.875,1,2,3,2,1,0,0,3,21,17.8,1
32,32,12/27/2010,21-123,OKC,,DAL,L (-10),0,34:00:00,5,9,0.556,3,7,0.429,5,6,0.833,0,4,4,3,2,0,1,2,18,16.8,1
33,33,12/29/2010,21-125,OKC,,NJN,W (+21),0,30:23:00,5,11,0.455,1,4,0.25,0,0,,1,0,1,4,1,1,0,2,11,9.7,18
34,34,12/31/2010,21-127,OKC,,ATL,W (+9),0,30:48:00,5,6,0.833,3,4,0.75,2,2,1,0,2,2,2,2,0,2,2,15,14,5
35,35,1/1/2011,21-128,OKC,@,SAS,L (-27),0,24:50:00,4,11,0.364,1,1,1,3,4,0.75,1,2,3,0,0,0,3,4,12,2.2,-21
36,36,1/4/2011,21-131,OKC,@,MEM,L (-5),0,22:47,6,7,0.857,3,3,1,2,3,0.667,0,2,2,3,1,3,2,4,17,16.3,7
37,37,1/6/2011,21-133,OKC,@,DAL,W (+4),0,25:26:00,1,6,0.167,1,5,0.2,4,4,1,0,4,4,3,3,0,2,1,7,7.1,-1
38,38,1/8/2011,21-135,OKC,,MEM,W (+9),0,20:14,1,3,0.333,1,2,0.5,6,6,1,1,4,5,1,1,0,2,1,9,8.5,0
39,39,1/12/2011,21-139,OKC,@,HOU,W (+6),0,21:53,0,3,0,0,3,0,8,8,1,2,2,4,2,0,0,2,0,8,7.3,-9
40,40,1/13/2011,21-140,OKC,,ORL,W (+1),0,17:52,3,7,0.429,1,3,0.333,1,1,1,0,1,1,1,0,0,1,5,8,2.3,-6
41,41,1/17/2011,21-144,OKC,@,LAL,L (-7),0,28:52:00,4,11,0.364,1,6,0.167,0,0,,1,2,3,0,1,0,0,3,9,4,9
42,42,1/19/2011,21-146,OKC,@,DEN,L (-5),0,17:18,2,5,0.4,0,3,0,0,2,0,1,5,6,1,0,0,0,2,4,2.6,-7
43,43,1/22/2011,21-149,OKC,,NYK,W (+3),0,26:02:00,3,10,0.3,1,4,0.25,0,1,0,0,2,2,1,1,0,0,0,7,3.1,0
44,44,1/24/2011,21-151,OKC,@,NOH,L (-2),0,21:44,1,3,0.333,0,1,0,3,3,1,0,2,2,3,0,0,2,2,5,3.2,2
45,45,1/26/2011,21-153,OKC,@,MIN,W (+1),0,27:21:00,3,8,0.375,3,6,0.5,4,4,1,2,2,4,3,2,1,0,1,13,15,-3
46,46,1/28/2011,21-155,OKC,,WAS,W (+7),1,40:14:00,2,6,0.333,0,4,0,4,4,1,0,2,2,2,0,2,1,6,8,4.6,-1
47,47,1/30/2011,21-157,OKC,,MIA,L (-5),1,28:18:00,1,3,0.333,1,2,0.5,2,4,0.5,1,5,6,5,1,0,2,5,5,5.2,0
48,48,2/2/2011,21-160,OKC,,NOH,W (+11),1,22:19,2,4,0.5,1,3,0.333,2,2,1,0,1,1,2,0,0,0,2,7,5.9,3
49,49,2/4/2011,21-162,OKC,@,PHO,W (+4),0,36:42:00,4,11,0.364,2,8,0.25,3,4,0.75,0,6,6,5,0,0,1,3,13,9.6,18
50,50,2/5/2011,21-163,OKC,@,UTA,W (+16),0,26:49:00,5,9,0.556,2,4,0.5,2,4,0.5,1,5,6,5,0,0,0,3,14,13.4,9
51,51,2/8/2011,21-166,OKC,,MEM,L (-4),0,23:28,3,9,0.333,2,3,0.667,5,5,1,2,2,4,0,0,0,2,2,13,7.1,5
52,52,2/12/2011,21-170,OKC,@,SAC,W (+2),0,32:27:00,3,9,0.333,0,4,0,5,8,0.625,1,1,2,0,5,0,1,3,11,8.5,12
53,53,2/13/2011,21-171,OKC,@,GSW,L (-6),0,15:04,2,3,0.667,1,2,0.5,3,3,1,0,0,0,2,0,0,1,3,8,5.9,-2
54,54,2/15/2011,21-173,OKC,,SAC,W (+30),0,22:38,4,8,0.5,0,4,0,4,4,1,0,4,4,2,2,3,2,1,12,12.3,6
55,55,2/22/2011,21-180,OKC,,LAC,W (+23),0,24:18:00,6,12,0.5,4,8,0.5,3,3,1,0,2,2,1,1,0,0,0,19,15.3,16
56,56,2/23/2011,21-181,OKC,@,SAS,L (-4),0,28:13:00,5,9,0.556,2,5,0.4,4,4,1,0,1,1,2,0,1,0,3,16,12.9,-4
57,57,2/25/2011,21-183,OKC,@,ORL,L (-23),0,36:01:00,5,13,0.385,3,8,0.375,3,4,0.75,1,2,3,2,0,0,1,2,16,9.4,-14
58,58,2/27/2011,21-185,OKC,,LAL,L (-3),0,27:56:00,6,11,0.545,0,3,0,2,2,1,0,3,3,3,3,0,2,4,14,11.1,-5
59,59,3/2/2011,21-188,OKC,,IND,W (+24),0,23:03,6,14,0.429,1,6,0.167,7,7,1,0,1,1,2,1,1,1,1,20,14.6,9
60,60,3/4/2011,21-190,OKC,@,ATL,W (+7),0,32:26:00,7,16,0.438,1,5,0.2,2,2,1,0,1,1,1,1,1,0,4,17,9.7,5
61,61,3/6/2011,21-192,OKC,,PHO,W (+4),0,36:37:00,8,12,0.667,2,4,0.5,8,9,0.889,1,5,6,4,2,0,0,2,26,26.6,8
62,62,3/7/2011,21-193,OKC,@,MEM,L (-6),0,32:42:00,7,11,0.636,0,1,0,2,2,1,0,6,6,5,1,1,2,4,16,14.5,12
63,63,3/9/2011,21-195,OKC,@,PHI,W (+5),0,34:19:00,3,10,0.3,1,5,0.2,4,4,1,0,3,3,2,1,1,3,5,11,4.2,10
64,64,3/11/2011,21-197,OKC,,DET,W (+10),0,31:22:00,7,11,0.636,4,6,0.667,4,4,1,0,0,0,3,3,1,2,3,22,19.7,11
65,65,3/13/2011,21-199,OKC,@,CLE,W (+20),0,26:26:00,5,10,0.5,3,7,0.429,3,4,0.75,0,5,5,3,4,0,2,0,16,16.2,18
66,66,3/14/2011,21-200,OKC,@,WAS,W (+27),0,23:04,6,11,0.545,1,4,0.25,3,4,0.75,0,2,2,2,1,0,3,1,16,9.9,10
67,67,3/16/2011,21-202,OKC,@,MIA,W (+11),0,28:06:00,4,12,0.333,2,8,0.25,2,3,0.667,1,2,3,2,0,0,2,3,12,4.3,9
68,68,3/18/2011,21-204,OKC,,CHA,W (+17),0,29:26:00,8,13,0.615,3,7,0.429,2,3,0.667,1,2,3,3,0,0,3,3,21,13.9,15
69,69,3/20/2011,21-206,OKC,,TOR,L (-2),0,34:22:00,5,9,0.556,2,3,0.667,11,13,0.846,0,2,2,4,1,0,0,3,23,21.1,-1
70,70,3/23/2011,21-209,OKC,,UTA,W (+12),0,27:01:00,3,9,0.333,1,4,0.25,4,4,1,1,1,2,0,0,0,2,5,11,2.9,15
71,71,3/25/2011,21-211,OKC,,MIN,W (+8),0,20:47,4,11,0.364,1,2,0.5,4,4,1,0,1,1,1,1,0,2,2,13,6.1,10
72,72,3/27/2011,21-213,OKC,,POR,W (+9),0,24:41:00,2,8,0.25,1,4,0.25,3,3,1,0,2,2,1,0,1,1,3,8,3,3
73,73,3/29/2011,21-215,OKC,,GSW,W (+1),0,31:20:00,5,10,0.5,1,5,0.2,3,3,1,0,5,5,3,3,0,4,1,14,11.2,2
74,74,3/30/2011,21-216,OKC,@,PHO,W (+18),0,28:41:00,7,9,0.778,3,5,0.6,5,9,0.556,0,3,3,2,3,0,1,5,22,19.2,10
75,75,4/1/2011,21-218,OKC,@,POR,L (-7),0,33:32:00,6,15,0.4,2,9,0.222,7,7,1,1,0,1,2,1,0,1,4,21,13.4,-9
76,76,4/2/2011,21-219,OKC,@,LAC,L (-6),0,28:03:00,3,11,0.273,2,7,0.286,6,6,1,1,0,1,3,2,0,1,2,14,10.5,-4
77,77,4/5/2011,21-222,OKC,@,DEN,W (+7),0,27:39:00,4,12,0.333,2,7,0.286,3,6,0.5,0,2,2,1,1,0,2,3,13,4.1,11
78,78,4/6/2011,21-223,OKC,,LAC,W (+4),0,23:18,2,6,0.333,0,3,0,3,3,1,1,1,2,5,0,0,1,4,7,5.5,12
79,79,4/8/2011,21-225,OKC,,DEN,W (+15),0,25:24:00,5,8,0.625,2,5,0.4,2,4,0.5,2,3,5,3,0,0,1,0,14,13,11
80,80,4/10/2011,21-227,OKC,@,LAL,W (+14),0,32:07:00,3,9,0.333,1,4,0.25,9,10,0.9,0,1,1,1,0,1,0,1,16,11.8,-1
81,81,4/11/2011,21-228,OKC,@,SAC,W (+8),0,24:07:00,3,7,0.429,1,3,0.333,5,5,1,0,6,6,2,3,0,2,3,12,11.3,5
82,82,4/13/2011,21-230,OKC,,MIL,L (-4),0,24:21:00,5,12,0.417,1,3,0.333,1,1,1,3,3,6,5,0,0,1,2,12,10.3,-9
1,1,12/25/2011,22-121,OKC,,ORL,W (+8),0,32:01:00,4,11,0.364,1,4,0.25,10,12,0.833,0,6,6,3,0,0,0,3,19,14.8,8
2,2,12/26/2011,22-122,OKC,@,MIN,W (+4),0,29:36:00,5,9,0.556,1,3,0.333,5,6,0.833,2,4,6,3,0,0,3,1,16,12.6,5
3,3,12/28/2011,22-124,OKC,@,MEM,W (+3),0,30:25:00,5,11,0.455,3,7,0.429,7,9,0.778,1,6,7,2,1,0,0,1,20,18,-2
4,4,12/29/2011,22-125,OKC,,DAL,W (+2),0,34:51:00,4,8,0.5,1,4,0.25,6,6,1,0,4,4,4,0,1,0,2,15,14.9,22
5,5,12/31/2011,22-127,OKC,,PHO,W (+10),0,25:43:00,1,6,0.167,0,4,0,8,8,1,0,7,7,8,2,0,2,3,10,12.7,3
6,6,1/2/2012,22-129,OKC,@,DAL,L (-13),0,31:23:00,5,11,0.455,1,5,0.2,5,5,1,1,6,7,3,2,0,3,2,16,13.1,-11
7,7,1/3/2012,22-130,OKC,,POR,L (-10),1,40:01:00,7,13,0.538,3,7,0.429,6,6,1,1,3,4,6,3,0,3,5,23,20.5,-9
8,8,1/6/2012,22-133,OKC,,HOU,W (+15),0,26:10:00,8,11,0.727,2,2,1,5,5,1,0,1,1,3,0,0,1,4,23,18.3,4
9,9,1/7/2012,22-134,OKC,@,HOU,W (+3),0,31:09:00,4,12,0.333,3,7,0.429,5,5,1,0,3,3,3,0,0,2,2,16,9.4,10
10,10,1/8/2012,22-135,OKC,,SAS,W (+12),0,21:34,6,11,0.545,2,5,0.4,6,9,0.667,0,2,2,2,1,0,1,1,20,15.1,10
11,11,1/10/2012,22-137,OKC,@,MEM,W (+5),0,28:59:00,2,8,0.25,2,3,0.667,4,4,1,0,2,2,2,0,0,2,4,10,3.6,4
12,12,1/11/2012,22-138,OKC,@,NOH,W (+10),0,30:17:00,3,10,0.3,2,6,0.333,6,7,0.857,1,1,2,3,0,2,1,2,14,10.5,11
13,13,1/14/2012,22-141,OKC,,NYK,W (+12),0,26:55:00,8,12,0.667,3,5,0.6,5,5,1,1,1,2,4,0,0,3,3,24,18.4,12
14,14,1/16/2012,22-143,OKC,@,BOS,W (+9),0,27:18:00,2,8,0.25,0,4,0,1,1,1,0,3,3,1,2,0,2,4,5,0.2,8
15,15,1/18/2012,22-145,OKC,@,WAS,L (-3),0,28:29:00,3,8,0.375,1,3,0.333,6,10,0.6,1,2,3,0,1,0,4,3,13,4.1,-15
16,16,1/21/2012,22-148,OKC,@,NJN,W (+10),0,27:31:00,5,9,0.556,1,3,0.333,5,6,0.833,2,7,9,2,1,1,1,1,16,16.5,3
17,17,1/23/2012,22-150,OKC,,DET,W (+20),0,25:17:00,8,11,0.727,5,6,0.833,3,3,1,0,5,5,4,0,0,1,4,24,21.2,32
18,18,1/25/2012,22-152,OKC,,NOH,W (+10),0,28:54:00,4,5,0.8,1,2,0.5,9,10,0.9,0,1,1,6,1,0,2,3,18,18,10
19,19,1/27/2012,22-154,OKC,@,GSW,W (+11),0,34:32:00,5,10,0.5,1,4,0.25,8,8,1,1,3,4,2,0,0,2,2,19,14.2,7
20,20,1/30/2012,22-157,OKC,@,LAC,L (-12),1,42:24:00,2,10,0.2,1,5,0.2,2,4,0.5,1,3,4,5,1,0,3,3,7,1.9,-11
21,21,2/1/2012,22-159,OKC,@,DAL,W (+9),0,35:39:00,3,11,0.273,0,5,0,4,7,0.571,1,6,7,9,0,0,1,2,10,9.3,4
22,22,2/3/2012,22-161,OKC,,MEM,W (+7),0,34:11:00,8,13,0.615,4,6,0.667,4,4,1,0,2,2,1,2,1,1,1,24,20.7,9
23,23,2/4/2012,22-162,OKC,@,SAS,L (-11),0,29:52:00,5,10,0.5,0,3,0,9,10,0.9,0,5,5,4,1,0,1,2,19,17.1,-6
24,24,2/6/2012,22-164,OKC,@,POR,W (+4),0,40:39:00,6,12,0.5,1,5,0.2,6,6,1,1,3,4,1,0,1,5,2,19,10.2,8
25,25,2/7/2012,22-165,OKC,@,GSW,W (+3),0,36:26:00,6,13,0.462,3,8,0.375,4,4,1,0,1,1,7,4,0,0,3,19,20.3,11
26,26,2/9/2012,22-167,OKC,@,SAC,L (-5),0,33:45:00,5,11,0.455,1,3,0.333,6,7,0.857,1,4,5,3,1,1,4,3,17,11.4,-1
27,27,2/10/2012,22-168,OKC,@,UTA,W (+14),0,34:44:00,2,8,0.25,1,2,0.5,6,8,0.75,0,5,5,2,2,0,3,4,11,5.7,13
28,28,2/14/2012,22-172,OKC,,UTA,W (+26),0,29:35:00,6,9,0.667,3,5,0.6,7,8,0.875,0,4,4,5,0,0,3,1,22,19,16
29,29,2/15/2012,22-173,OKC,@,HOU,L (-1),0,32:13:00,6,13,0.462,3,8,0.375,2,3,0.667,0,4,4,4,2,0,5,3,17,9.7,5
30,30,2/17/2012,22-175,OKC,,GSW,W (+23),0,30:17:00,8,13,0.615,4,7,0.571,5,5,1,0,4,4,2,1,0,2,1,25,20.3,23
31,31,2/19/2012,22-177,OKC,,DEN,W (+6),0,39:22:00,2,12,0.167,1,7,0.143,5,6,0.833,0,4,4,6,1,0,1,4,10,5.8,-1
33,32,2/22/2012,22-180,OKC,,BOS,W (+15),0,34:21:00,6,10,0.6,1,2,0.5,4,6,0.667,0,4,4,7,2,0,2,4,17,16.1,23
34,33,2/23/2012,22-181,OKC,,LAL,W (+15),0,32:17:00,6,10,0.6,1,3,0.333,3,3,1,1,3,4,3,1,2,5,3,16,11.3,10
35,34,2/29/2012,22-187,OKC,@,PHI,W (+4),0,32:24:00,4,9,0.444,1,3,0.333,7,11,0.636,1,7,8,4,1,0,3,2,16,12.5,12
36,35,3/1/2012,22-188,OKC,@,ORL,W (+3),0,33:23:00,5,8,0.625,0,3,0,3,4,0.75,2,3,5,5,0,0,1,2,13,13,6
37,36,3/3/2012,22-190,OKC,@,ATL,L (-7),0,27:16:00,4,8,0.5,0,3,0,2,2,1,1,5,6,2,2,0,2,1,10,9.2,-14
38,37,3/5/2012,22-192,OKC,,DAL,W (+4),0,33:46:00,4,11,0.364,1,6,0.167,7,7,1,0,2,2,4,0,0,0,2,16,12.5,0
39,38,3/7/2012,22-194,OKC,,PHO,W (+11),0,36:01:00,8,12,0.667,4,7,0.571,10,11,0.909,0,4,4,1,2,2,1,3,30,27.5,27
40,39,3/9/2012,22-196,OKC,,CLE,L (-6),0,33:23:00,5,10,0.5,2,5,0.4,3,4,0.75,0,6,6,1,0,0,4,2,15,7.3,-1
41,40,3/10/2012,22-197,OKC,,CHA,W (+27),0,28:48:00,11,16,0.688,4,9,0.444,7,10,0.7,0,0,0,3,1,1,2,3,33,25.6,23
42,41,3/13/2012,22-200,OKC,,HOU,L (-1),0,31:30:00,5,12,0.417,2,6,0.333,4,5,0.8,0,4,4,7,1,0,4,1,16,11.9,3
43,42,3/15/2012,22-202,OKC,@,DEN,W (+13),0,34:05:00,6,11,0.545,4,6,0.667,2,2,1,0,2,2,4,1,1,4,2,18,13,-1
44,43,3/16/2012,22-203,OKC,,SAS,L (-9),0,33:28:00,8,11,0.727,3,4,0.75,0,1,0,1,6,7,5,1,0,5,2,19,15.3,-5
45,44,3/18/2012,22-205,OKC,,POR,W (+16),0,32:58:00,1,7,0.143,1,4,0.25,11,14,0.786,0,4,4,7,1,0,2,5,14,11.4,12
46,45,3/20/2012,22-207,OKC,@,UTA,L (-7),0,33:01:00,5,11,0.455,3,6,0.5,4,6,0.667,3,1,4,2,0,0,4,4,17,8.7,-11
47,46,3/21/2012,22-208,OKC,,LAC,W (+23),0,28:44:00,3,8,0.375,2,6,0.333,2,2,1,0,6,6,5,1,0,2,3,10,8.7,16
48,47,3/23/2012,22-210,OKC,,MIN,W (+9),0,43:25:00,10,17,0.588,3,8,0.375,2,2,1,1,5,6,6,1,0,0,4,25,22.9,7
49,48,3/25/2012,22-212,OKC,,MIA,W (+16),0,31:59:00,6,7,0.857,1,1,1,6,7,0.857,0,3,3,6,2,0,7,1,19,15.8,10
50,49,3/27/2012,22-214,OKC,@,POR,W (+14),0,28:17:00,6,7,0.857,2,2,1,7,7,1,0,3,3,5,0,0,1,1,21,21.5,26
51,50,3/29/2012,22-216,OKC,@,LAL,W (+9),0,29:49:00,3,11,0.273,2,3,0.667,1,4,0.25,1,1,2,4,1,0,1,5,9,3.1,-6
52,51,4/1/2012,22-219,OKC,,CHI,W (+14),0,22:49,3,7,0.429,1,3,0.333,4,4,1,0,1,1,2,0,0,4,0,11,5,2
53,52,4/2/2012,22-220,OKC,,MEM,L (-6),0,32:03:00,5,9,0.556,1,5,0.2,3,5,0.6,0,5,5,5,2,1,0,4,14,15,-3
54,53,4/4/2012,22-222,OKC,@,MIA,L (-5),0,33:49:00,5,11,0.455,1,1,1,1,1,1,2,3,5,5,3,0,1,1,12,13.7,-4
55,54,4/6/2012,22-224,OKC,@,IND,L (-5),0,35:01:00,1,5,0.2,1,3,0.333,7,8,0.875,0,1,1,4,0,0,5,3,10,3.4,10
56,55,4/8/2012,22-226,OKC,,TOR,W (+16),0,27:55:00,5,10,0.5,2,6,0.333,5,6,0.833,0,3,3,4,0,0,2,0,17,13.3,21
57,56,4/9/2012,22-227,OKC,@,MIL,W (+20),0,22:39,4,7,0.571,2,3,0.667,6,7,0.857,1,4,5,1,0,0,3,2,16,11.1,13
58,57,4/11/2012,22-229,OKC,,LAC,L (-2),0,31:23:00,4,8,0.5,3,6,0.5,6,7,0.857,0,5,5,2,1,1,1,2,17,15.4,1
60,58,4/14/2012,22-232,OKC,@,MIN,W (+5),0,30:36:00,1,11,0.091,0,8,0,4,4,1,0,4,4,3,1,0,1,4,6,0.4,-18
61,59,4/16/2012,22-234,OKC,@,LAC,L (-15),0,29:53:00,4,10,0.4,3,6,0.5,1,2,0.5,0,3,3,3,0,0,2,2,12,6.4,-12
62,60,4/18/2012,22-236,OKC,@,PHO,W (+12),0,35:45:00,12,17,0.706,5,8,0.625,11,11,1,1,6,7,3,4,0,3,2,40,37.7,26
63,61,4/20/2012,22-238,OKC,@,SAC,W (+11),0,31:47:00,6,12,0.5,2,6,0.333,6,6,1,0,6,6,3,3,0,1,0,20,19.9,9
64,62,4/22/2012,22-240,OKC,@,LAL,L (-8),0,13:17,5,7,0.714,1,2,0.5,3,3,1,0,0,0,3,1,0,2,1,14,11.8,3
1,1,10/31/2012,23-066,HOU,@,DET,W (+9),1,44:04:00,14,25,0.56,4,10,0.4,5,6,0.833,1,5,6,12,4,1,4,2,37,35.2,18
2,2,11/2/2012,23-068,HOU,@,ATL,W (+7),1,39:49:00,14,19,0.737,2,4,0.5,15,17,0.882,1,6,7,2,0,0,5,3,45,34.2,17
3,3,11/3/2012,23-069,HOU,,POR,L (-10),1,40:43:00,8,24,0.333,1,6,0.167,7,10,0.7,2,4,6,5,1,1,5,3,24,10.8,-16
4,4,11/7/2012,23-073,HOU,,DEN,L (-6),1,38:20:00,5,15,0.333,0,5,0,5,7,0.714,1,2,3,2,5,0,6,1,15,7,-6
5,5,11/9/2012,23-075,HOU,@,MEM,L (-8),1,40:38:00,4,18,0.222,1,6,0.167,9,10,0.9,2,2,4,4,0,2,5,1,18,7.4,-2
6,6,11/10/2012,23-076,HOU,,DET,W (+14),1,35:16:00,6,14,0.429,2,6,0.333,6,7,0.857,0,5,5,2,0,0,5,0,20,10.1,11
7,7,11/12/2012,23-078,HOU,,MIA,L (-3),1,39:50:00,6,17,0.353,1,6,0.167,9,11,0.818,0,3,3,5,1,1,2,4,22,14.2,-9
8,8,11/14/2012,23-080,HOU,,NOH,W (+4),1,39:19:00,10,20,0.5,1,7,0.143,9,11,0.818,0,3,3,4,0,1,1,2,30,21.8,-2
9,9,11/16/2012,23-082,HOU,@,POR,L (-2),1,43:26:00,8,18,0.444,2,4,0.5,11,12,0.917,2,4,6,6,3,0,4,4,29,23.4,0
10,10,11/18/2012,23-084,HOU,@,LAL,L (-11),1,38:19:00,7,18,0.389,3,7,0.429,3,5,0.6,0,2,2,7,1,0,5,2,20,10.1,-10
11,11,11/19/2012,23-085,HOU,@,UTA,L (-11),1,17:29,1,6,0.167,1,2,0.5,3,3,1,0,2,2,3,0,1,2,2,6,2.8,-13
12,12,11/21/2012,23-087,HOU,,CHI,W (+4),1,42:25:00,8,14,0.571,3,7,0.429,9,13,0.692,1,3,4,3,5,0,6,3,28,21.3,6
13,13,11/23/2012,23-089,HOU,,NYK,W (+28),1,39:25:00,7,15,0.467,3,5,0.6,16,16,1,0,4,4,9,1,1,3,3,33,30.3,27
14,14,11/27/2012,23-093,HOU,,TOR,W (+16),1,43:36:00,9,19,0.474,4,8,0.5,2,3,0.667,1,5,6,12,3,1,4,1,24,23.8,13
15,15,11/28/2012,23-094,HOU,@,OKC,L (-22),1,39:27:00,3,16,0.188,2,5,0.4,9,11,0.818,1,1,2,3,1,0,3,2,17,6.5,-17
16,16,12/1/2012,23-097,HOU,,UTA,W (+8),1,39:16:00,7,16,0.438,1,3,0.333,3,3,1,1,1,2,7,1,0,5,2,18,10.7,-3
17,17,12/4/2012,23-100,HOU,,LAL,W (+2),1,37:43:00,3,19,0.158,0,4,0,9,11,0.818,5,5,10,6,1,0,4,4,15,6.7,3
18,18,12/7/2012,23-103,HOU,@,SAS,L (-22),1,34:26:00,10,16,0.625,3,6,0.5,6,7,0.857,0,3,3,5,4,0,3,1,29,26.4,-15
19,19,12/8/2012,23-104,HOU,,DAL,L (-7),1,45:47:00,10,17,0.588,4,9,0.444,15,16,0.938,0,6,6,9,2,1,6,3,39,34.3,-7
21,20,12/12/2012,23-108,HOU,,WAS,W (+6),1,39:18:00,10,20,0.5,2,6,0.333,9,9,1,1,3,4,2,3,0,5,0,31,22,8
22,21,12/14/2012,23-110,HOU,,BOS,W (+12),1,38:22:00,6,17,0.353,2,7,0.286,7,8,0.875,0,5,5,5,3,0,1,1,21,17.7,16
23,22,12/16/2012,23-112,HOU,@,TOR,L (-7),1,41:20:00,7,18,0.389,0,3,0,14,15,0.933,1,3,4,4,1,1,2,2,28,21.1,-2
24,23,12/17/2012,23-113,HOU,@,NYK,W (+13),1,37:42:00,9,18,0.5,2,6,0.333,8,9,0.889,1,9,10,3,2,0,1,3,28,23.9,13
25,24,12/19/2012,23-115,HOU,,PHI,W (+22),1,37:29:00,7,12,0.583,2,3,0.667,17,18,0.944,0,2,2,7,0,1,2,3,33,30,32
26,25,12/22/2012,23-118,HOU,,MEM,W (+25),1,30:22:00,9,13,0.692,3,3,1,10,12,0.833,0,2,2,8,3,0,3,1,31,30.5,14
27,26,12/25/2012,23-121,HOU,@,CHI,W (+23),1,35:53:00,7,13,0.538,1,2,0.5,11,13,0.846,1,4,5,6,2,1,1,1,26,26.3,26
28,27,12/26/2012,23-122,HOU,@,MIN,W (+3),1,37:37:00,11,22,0.5,2,5,0.4,6,6,1,2,4,6,3,2,1,3,2,30,22.6,-9
29,28,12/28/2012,23-124,HOU,@,SAS,L (-6),1,41:02:00,10,22,0.455,3,4,0.75,10,13,0.769,3,2,5,7,2,0,5,5,33,23,-11
30,29,12/29/2012,23-125,HOU,,OKC,L (-30),1,31:17:00,6,17,0.353,2,7,0.286,11,14,0.786,0,3,3,1,2,0,4,3,25,12.7,-13
31,30,12/31/2012,23-127,HOU,,ATL,W (+19),1,34:10:00,7,17,0.412,2,6,0.333,12,13,0.923,1,1,2,5,2,1,1,1,28,24.3,4
32,31,1/2/2013,23-129,HOU,,NOH,W (+12),1,40:29:00,11,23,0.478,2,8,0.25,7,9,0.778,0,2,2,7,0,0,3,3,31,19.8,13
33,32,1/4/2013,23-131,HOU,@,MIL,W (+14),1,38:09:00,11,18,0.611,2,4,0.5,5,7,0.714,1,1,2,7,4,1,2,3,29,27.4,28
34,33,1/5/2013,23-132,HOU,@,CLE,W (+8),1,37:56:00,6,17,0.353,3,9,0.333,14,15,0.933,0,2,2,3,7,1,5,3,29,23.3,2
35,34,1/8/2013,23-135,HOU,,LAL,W (+13),1,39:31:00,11,19,0.579,1,4,0.25,8,8,1,0,6,6,9,0,0,4,2,31,25.4,11
36,35,1/9/2013,23-136,HOU,@,NOH,L (-9),1,40:35:00,9,18,0.5,2,4,0.5,5,6,0.833,0,4,4,3,1,0,7,4,25,11.3,2
37,36,1/11/2013,23-138,HOU,@,BOS,L (-12),1,39:51:00,9,19,0.474,2,8,0.25,4,7,0.571,0,1,1,5,2,1,6,1,24,13.2,-7
38,37,1/12/2013,23-139,HOU,@,PHI,L (-7),1,44:54:00,10,19,0.526,2,9,0.222,7,8,0.875,1,8,9,6,2,0,4,3,29,23.4,-9
39,38,1/15/2013,23-142,HOU,,LAC,L (-8),1,35:11:00,8,20,0.4,2,9,0.222,5,6,0.833,0,4,4,3,1,0,5,4,23,9.5,-8
40,39,1/16/2013,23-143,HOU,@,DAL,L (-5),1,37:23:00,5,23,0.217,1,8,0.125,9,12,0.75,0,8,8,7,3,0,4,5,20,9,-6
41,40,1/18/2013,23-145,HOU,@,IND,L (-10),1,41:16:00,5,19,0.263,3,7,0.429,4,5,0.8,1,4,5,7,1,4,5,0,17,10.9,-17
42,41,1/19/2013,23-146,HOU,@,MIN,L (-13),1,38:55:00,5,18,0.278,0,7,0,8,10,0.8,4,3,7,5,2,0,4,5,18,9.8,-20
43,42,1/21/2013,23-148,HOU,@,CHA,W (+6),1,41:27:00,5,20,0.25,0,5,0,19,21,0.905,2,5,7,7,2,0,4,2,29,21.2,-1
44,43,1/23/2013,23-150,HOU,,DEN,L (-10),1,39:09:00,8,17,0.471,2,6,0.333,5,5,1,0,3,3,7,1,0,7,3,23,12.9,-16
45,44,1/25/2013,23-152,HOU,@,NOH,W (+18),1,35:44:00,8,15,0.533,2,3,0.667,12,12,1,1,3,4,8,1,0,8,2,30,22.1,4
46,45,1/26/2013,23-153,HOU,,BRK,W (+13),1,34:02:00,7,15,0.467,2,5,0.4,13,14,0.929,1,2,3,7,2,1,0,1,29,29.4,-1
47,46,1/28/2013,23-155,HOU,@,UTA,W (+45),1,27:40:00,8,15,0.533,1,5,0.2,8,8,1,1,2,3,3,1,1,0,1,25,22.4,18
48,47,1/30/2013,23-157,HOU,@,DEN,L (-8),1,41:53:00,6,13,0.462,1,2,0.5,8,12,0.667,2,3,5,4,2,0,6,4,21,12.2,-3
49,48,2/2/2013,23-160,HOU,,CHA,W (+14),1,40:24:00,6,11,0.545,1,3,0.333,8,9,0.889,0,11,11,11,1,1,3,4,21,23.4,16
50,49,2/5/2013,23-163,HOU,,GSW,W (+31),1,30:13:00,5,11,0.455,4,5,0.8,4,8,0.5,0,2,2,7,3,0,1,2,18,17.4,22
51,50,2/6/2013,23-164,HOU,@,MIA,L (-6),1,40:45:00,10,16,0.625,4,7,0.571,12,13,0.923,2,10,12,7,3,0,4,3,36,35.5,-7
52,51,2/8/2013,23-166,HOU,,POR,W (+15),1,37:47:00,13,16,0.813,4,5,0.8,5,6,0.833,1,6,7,11,1,0,3,2,35,36,21
53,52,2/10/2013,23-168,HOU,@,SAC,L (-6),1,39:52:00,10,20,0.5,2,7,0.286,8,11,0.727,3,3,6,4,1,0,4,1,30,21.2,-10
54,53,2/12/2013,23-170,HOU,@,GSW,W (+9),1,38:40:00,7,22,0.318,2,8,0.25,11,11,1,1,6,7,5,3,0,5,0,27,18.4,10
56,54,2/20/2013,23-178,HOU,,OKC,W (+3),1,44:14:00,14,19,0.737,7,8,0.875,11,12,0.917,1,6,7,6,2,1,2,2,46,44.5,8
57,55,2/22/2013,23-180,HOU,@,BRK,W (+10),1,42:00:00,7,14,0.5,4,7,0.571,4,5,0.8,0,5,5,4,1,0,3,1,22,16.5,9
58,56,2/23/2013,23-181,HOU,@,WAS,L (-2),1,42:29:00,10,23,0.435,3,11,0.273,4,4,1,1,3,4,6,3,0,3,2,27,19.9,-6
59,57,2/27/2013,23-185,HOU,,MIL,L (-3),1,38:20:00,8,18,0.444,2,6,0.333,7,10,0.7,0,2,2,7,4,0,7,4,25,15.3,-9
60,58,3/1/2013,23-187,HOU,@,ORL,W (+8),1,42:09:00,7,18,0.389,0,5,0,10,11,0.909,0,7,7,8,3,1,2,3,24,22,3
61,59,3/3/2013,23-189,HOU,,DAL,W (+33),1,30:21:00,5,10,0.5,4,8,0.5,7,9,0.778,0,4,4,7,1,0,0,1,21,21.9,37
62,60,3/6/2013,23-192,HOU,@,DAL,L (-4),1,39:00:00,5,17,0.294,2,7,0.286,16,16,1,1,3,4,9,2,0,2,3,28,24.8,-13
63,61,3/8/2013,23-194,HOU,@,GSW,W (+6),1,41:41:00,3,17,0.176,3,8,0.375,11,14,0.786,1,5,6,11,3,0,3,1,20,17.6,5
64,62,3/9/2013,23-195,HOU,@,PHO,L (-2),1,42:01:00,11,17,0.647,7,10,0.7,9,12,0.75,1,4,5,8,1,0,8,3,38,28.6,4
65,63,3/13/2013,23-199,HOU,,PHO,W (+30),1,31:53:00,4,7,0.571,3,5,0.6,7,8,0.875,0,2,2,4,0,0,4,2,18,12.9,34
66,64,3/15/2013,23-201,HOU,,MIN,W (+8),1,43:15:00,8,16,0.5,5,10,0.5,16,18,0.889,0,7,7,8,0,0,5,5,37,28.9,7
67,65,3/17/2013,23-203,HOU,,GSW,L (-30),1,40:22:00,6,16,0.375,3,7,0.429,6,6,1,1,9,10,8,3,0,3,3,21,20,-19
68,66,3/20/2013,23-206,HOU,,UTA,W (+7),1,38:01:00,5,14,0.357,2,6,0.333,17,18,0.944,0,2,2,3,2,1,3,3,29,22,7
69,67,3/22/2013,23-208,HOU,,CLE,W (+38),1,30:44:00,5,9,0.556,3,5,0.6,7,9,0.778,0,1,1,2,2,0,4,1,20,14.2,21
70,68,3/24/2013,23-210,HOU,,SAS,W (+1),1,40:05:00,6,16,0.375,2,5,0.4,15,17,0.882,1,8,9,6,2,2,1,1,29,28.7,5
71,69,3/27/2013,23-213,HOU,,IND,L (-9),1,42:43:00,6,24,0.25,3,10,0.3,7,9,0.778,0,4,4,8,1,0,3,4,22,10,-5
72,70,3/29/2013,23-215,HOU,@,MEM,L (-9),1,26:43:00,3,9,0.333,1,4,0.25,0,0,,0,1,1,4,2,0,1,1,7,5.6,-16
75,71,4/3/2013,23-220,HOU,@,SAC,W (+10),1,39:50:00,7,19,0.368,2,8,0.25,5,6,0.833,1,6,7,9,0,2,5,2,21,14.5,11
76,72,4/5/2013,23-222,HOU,@,POR,W (+18),1,35:05:00,11,21,0.524,4,9,0.444,7,8,0.875,0,7,7,6,1,1,4,0,33,26.3,11
77,73,4/6/2013,23-223,HOU,@,DEN,L (-18),1,28:55:00,2,10,0.2,0,3,0,10,10,1,1,3,4,5,1,1,3,2,14,10.8,-6
78,74,4/9/2013,23-226,HOU,,PHO,W (+3),1,44:10:00,9,21,0.429,2,8,0.25,13,14,0.929,0,6,6,6,3,1,9,3,33,21,2
79,75,4/12/2013,23-229,HOU,,MEM,L (-4),1,43:59:00,7,24,0.292,5,10,0.5,11,14,0.786,1,6,7,6,2,2,8,4,30,15.3,-3
80,76,4/14/2013,23-231,HOU,,SAC,W (+21),1,31:38:00,11,16,0.688,4,6,0.667,3,7,0.429,1,3,4,9,2,1,2,0,29,29.2,17
81,77,4/15/2013,23-232,HOU,@,PHO,L (-7),1,34:13:00,5,18,0.278,0,7,0,6,11,0.545,0,4,4,2,1,0,4,1,16,2.6,-20
82,78,4/17/2013,23-234,HOU,@,LAL,L (-4),1,45:06:00,8,25,0.32,4,13,0.308,10,12,0.833,2,6,8,3,1,0,6,3,30,14,-4
1,1,10/30/2013,24-065,HOU,,CHA,W (+13),1,36:51:00,7,16,0.438,1,6,0.167,6,6,1,1,2,3,5,1,0,5,1,21,13,9
2,2,11/1/2013,24-067,HOU,,DAL,W (+8),1,39:07:00,11,17,0.647,4,8,0.5,8,9,0.889,1,3,4,3,4,0,4,2,34,29,22
3,3,11/2/2013,24-068,HOU,@,UTA,W (+11),1,43:01:00,7,15,0.467,2,6,0.333,7,10,0.7,1,3,4,5,3,1,5,4,23,16.3,10
4,4,11/4/2013,24-070,HOU,@,LAC,L (-19),1,32:48:00,6,16,0.375,0,7,0,3,5,0.6,1,1,2,5,0,0,2,2,15,7.1,-11
5,5,11/5/2013,24-071,HOU,@,POR,W (+15),1,39:34:00,11,18,0.611,2,7,0.286,9,10,0.9,0,7,7,3,1,2,8,5,33,21,11
6,6,11/7/2013,24-073,HOU,,LAL,L (-1),1,43:54:00,9,24,0.375,3,9,0.333,14,16,0.875,3,6,9,5,4,2,3,0,35,30.8,2
7,7,11/9/2013,24-075,HOU,,LAC,L (-13),1,37:35:00,4,15,0.267,1,6,0.167,3,3,1,1,4,5,5,2,1,3,2,12,7.4,-19
8,8,11/11/2013,24-077,HOU,,TOR,W (+6),1,47:43:00,7,19,0.368,3,9,0.333,9,11,0.818,0,3,3,10,3,1,6,4,26,18.7,3
10,9,11/14/2013,24-080,HOU,@,NYK,W (+3),1,41:40:00,9,17,0.529,2,6,0.333,16,18,0.889,2,7,9,2,1,0,5,3,36,26.6,3
11,10,11/16/2013,24-082,HOU,,DEN,W (+11),1,35:41:00,5,16,0.313,2,6,0.333,5,5,1,2,3,5,9,1,1,3,5,17,13.1,11
12,11,11/19/2013,24-085,HOU,,BOS,W (+24),1,31:24:00,5,8,0.625,3,3,1,2,2,1,0,4,4,5,1,1,7,2,15,10,32
13,12,11/20/2013,24-086,HOU,@,DAL,L (-3),1,42:34:00,6,14,0.429,2,8,0.25,9,11,0.818,0,1,1,8,0,0,1,4,23,18.1,3
17,13,11/29/2013,24-095,HOU,,BRK,W (+19),1,25:53:00,1,4,0.25,0,1,0,7,7,1,1,0,1,7,1,0,1,1,9,11.8,22
18,14,11/30/2013,24-096,HOU,@,SAS,W (+6),1,37:19:00,10,19,0.526,3,5,0.6,8,13,0.615,1,6,7,6,1,1,3,1,31,24.7,3
19,15,12/2/2013,24-098,HOU,@,UTA,L (-6),1,43:07:00,12,22,0.545,3,9,0.333,10,10,1,1,2,3,8,1,0,4,5,37,28.3,-12
20,16,12/4/2013,24-100,HOU,,PHO,L (-9),1,41:08:00,3,17,0.176,0,10,0,8,8,1,0,4,4,2,1,0,5,4,14,0.3,-20
21,17,12/6/2013,24-102,HOU,,GSW,W (+22),1,39:38:00,13,22,0.591,1,3,0.333,7,9,0.778,0,7,7,4,1,1,4,2,34,24.8,25
22,18,12/8/2013,24-104,HOU,,ORL,W (+10),1,39:41:00,7,17,0.412,3,7,0.429,10,11,0.909,4,4,8,10,0,0,3,1,27,25.1,22
23,19,12/12/2013,24-108,HOU,@,POR,L (-7),1,41:54:00,8,18,0.444,2,5,0.4,7,9,0.778,0,6,6,7,1,0,3,2,25,18.7,2
24,20,12/13/2013,24-109,HOU,@,GSW,W (+4),1,42:16:00,9,22,0.409,3,8,0.375,5,8,0.625,1,1,2,9,0,0,3,1,26,16.9,19
25,21,12/15/2013,24-111,HOU,@,SAC,L (-15),1,33:05:00,8,18,0.444,3,9,0.333,6,7,0.857,1,2,3,3,1,0,3,3,25,15.4,-4
26,22,12/18/2013,24-114,HOU,,CHI,W (+15),1,35:39:00,7,13,0.538,1,4,0.25,4,4,1,0,4,4,6,3,0,7,3,19,12.9,22
27,23,12/20/2013,24-116,HOU,@,IND,L (-33),1,32:32:00,3,14,0.214,1,5,0.2,5,6,0.833,0,3,3,2,3,0,5,3,12,2.1,-16
30,24,12/25/2013,24-121,HOU,@,SAS,W (+13),1,41:54:00,11,16,0.688,3,3,1,3,6,0.5,1,5,6,6,0,2,2,3,28,24.6,19
31,25,12/26/2013,24-122,HOU,,MEM,W (+8),1,43:51:00,2,9,0.222,1,5,0.2,22,25,0.88,1,5,6,5,0,1,2,2,27,23.9,13
32,26,12/28/2013,24-124,HOU,,NOP,W (+9),1,40:20:00,7,17,0.412,1,7,0.143,6,7,0.857,1,4,5,2,0,0,3,2,21,11,2
33,27,12/29/2013,24-125,HOU,@,OKC,L (-31),1,30:03:00,2,9,0.222,0,3,0,4,5,0.8,2,1,3,3,0,1,2,1,8,4.2,-20
34,28,12/31/2013,24-127,HOU,,SAC,L (-4),1,38:42:00,12,26,0.462,5,11,0.455,9,10,0.9,3,7,10,1,2,0,5,5,38,24.1,-8
35,29,1/3/2014,24-130,HOU,,NYK,W (+2),1,44:28:00,10,19,0.526,5,10,0.5,12,12,1,2,5,7,6,0,0,5,2,37,29,-2
36,30,1/8/2014,24-135,HOU,,LAL,W (+14),1,38:20:00,14,23,0.609,2,7,0.286,8,11,0.727,1,3,4,4,5,0,1,2,38,33.9,18
37,31,1/10/2014,24-137,HOU,@,ATL,L (-3),1,38:06:00,6,14,0.429,2,3,0.667,11,14,0.786,0,7,7,7,0,0,5,1,25,18,3
38,32,1/11/2014,24-138,HOU,@,WAS,W (+7),1,38:05:00,7,14,0.5,3,5,0.6,8,9,0.889,0,8,8,5,1,0,5,2,25,18.7,4
39,33,1/13/2014,24-140,HOU,@,BOS,W (+12),1,38:23:00,6,18,0.333,2,6,0.333,2,2,1,1,6,7,3,0,3,3,2,16,8.7,12
40,34,1/15/2014,24-142,HOU,@,NOP,W (+3),1,40:48:00,7,14,0.5,2,3,0.667,10,11,0.909,0,2,2,7,2,1,4,3,26,21.6,5
41,35,1/16/2014,24-143,HOU,,OKC,L (-12),1,39:54:00,6,16,0.375,2,8,0.25,2,3,0.667,0,7,7,8,0,0,3,2,16,10.7,-3
42,36,1/18/2014,24-145,HOU,,MIL,W (+10),1,37:03:00,7,16,0.438,1,6,0.167,7,10,0.7,1,3,4,4,5,0,4,3,22,16.6,11
43,37,1/20/2014,24-147,HOU,,POR,W (+13),1,41:25:00,7,15,0.467,4,9,0.444,4,5,0.8,2,4,6,5,1,0,5,3,22,14.8,5
44,38,1/22/2014,24-149,HOU,,SAC,W (+21),1,33:03:00,7,16,0.438,0,5,0,10,10,1,0,2,2,9,2,2,3,2,24,22.1,10
45,39,1/24/2014,24-151,HOU,,MEM,L (-1),1,39:46:00,2,11,0.182,1,4,0.25,5,6,0.833,0,2,2,13,1,0,1,2,10,11.6,4
46,40,1/25/2014,24-152,HOU,@,MEM,L (-18),1,34:06:00,6,13,0.462,0,4,0,4,4,1,2,2,4,3,0,1,3,0,16,11.1,-22
49,41,2/1/2014,24-159,HOU,,CLE,W (+14),1,36:38:00,10,17,0.588,3,8,0.375,5,6,0.833,1,2,3,4,0,0,3,2,28,20,6
50,42,2/5/2014,24-163,HOU,,PHO,W (+14),1,38:15:00,4,10,0.4,3,5,0.6,12,12,1,0,2,2,1,2,0,1,2,23,19.1,25
51,43,2/8/2014,24-166,HOU,@,MIL,W (+6),1,39:06:00,9,21,0.429,1,9,0.111,3,4,0.75,0,2,2,3,4,0,5,1,22,11.8,3
52,44,2/10/2014,24-168,HOU,@,MIN,W (+18),1,32:08:00,4,14,0.286,3,6,0.5,8,8,1,0,5,5,5,1,0,4,0,19,12.8,8
53,45,2/12/2014,24-170,HOU,,WAS,W (+1),1,40:33:00,8,14,0.571,3,6,0.5,16,16,1,1,5,6,6,1,0,4,3,35,30.6,0
54,46,2/19/2014,24-177,HOU,@,LAL,W (+26),1,32:05:00,10,18,0.556,5,7,0.714,4,6,0.667,1,5,6,11,4,1,1,3,29,32,23
55,47,2/20/2014,24-178,HOU,@,GSW,L (-3),1,45:26:00,14,27,0.519,3,8,0.375,8,10,0.8,2,2,4,5,1,0,2,4,39,27.8,0
56,48,2/23/2014,24-181,HOU,@,PHO,W (+3),1,41:39:00,6,15,0.4,2,7,0.286,9,9,1,1,4,5,7,3,0,4,5,23,18.7,14
57,49,2/25/2014,24-183,HOU,@,SAC,W (+26),1,31:10:00,11,20,0.55,6,9,0.667,15,16,0.938,0,2,2,8,3,0,5,2,43,36.4,29
58,50,2/26/2014,24-184,HOU,@,LAC,L (-8),1,42:43:00,6,16,0.375,1,6,0.167,5,7,0.714,2,4,6,3,0,0,6,2,18,6.3,-13
59,51,3/1/2014,24-187,HOU,,DET,W (+8),1,39:43:00,7,16,0.438,1,6,0.167,5,8,0.625,1,4,5,12,3,0,4,0,20,19.7,15
60,52,3/4/2014,24-190,HOU,,MIA,W (+3),1,39:40:00,9,15,0.6,1,5,0.2,2,5,0.4,0,4,4,11,1,0,6,3,21,15.6,14
61,53,3/5/2014,24-191,HOU,@,ORL,W (+12),1,36:05:00,11,19,0.579,2,7,0.286,7,7,1,1,2,3,6,0,0,3,2,31,23.8,17
62,54,3/7/2014,24-193,HOU,,IND,W (+26),1,30:31:00,10,17,0.588,4,7,0.571,4,6,0.667,0,4,4,4,3,0,2,2,28,23.5,28
63,55,3/9/2014,24-195,HOU,,POR,W (+5),1,47:12:00,12,28,0.429,7,12,0.583,10,11,0.909,2,8,10,6,6,1,4,5,41,34.5,10
64,56,3/11/2014,24-197,HOU,@,OKC,L (-8),1,43:42:00,9,21,0.429,3,7,0.429,7,7,1,0,8,8,9,1,1,3,1,28,23.9,-6
65,57,3/13/2014,24-199,HOU,@,CHI,L (-24),1,26:36:00,2,7,0.286,1,5,0.2,3,4,0.75,0,2,2,2,0,1,5,3,8,0,-30
66,58,3/16/2014,24-202,HOU,@,MIA,L (-9),1,43:11:00,7,16,0.438,5,12,0.417,11,12,0.917,0,3,3,1,1,0,4,3,30,18.6,-7
67,59,3/17/2014,24-203,HOU,,UTA,W (+38),1,26:38:00,5,10,0.5,2,4,0.5,3,3,1,0,1,1,5,0,0,1,3,15,11.6,11
68,60,3/20/2014,24-206,HOU,,MIN,W (+23),1,36:20:00,9,16,0.563,6,10,0.6,4,4,1,1,4,5,8,1,0,7,1,28,21.5,21
69,61,3/22/2014,24-208,HOU,@,CLE,W (+7),1,29:28:00,9,15,0.6,5,8,0.625,14,14,1,0,3,3,10,4,1,1,1,37,41.3,20
70,62,3/24/2014,24-210,HOU,@,CHA,W (+11),1,39:07:00,11,19,0.579,4,7,0.571,5,7,0.714,0,3,3,5,1,1,3,4,31,22.8,10
71,63,3/27/2014,24-213,HOU,,PHI,W (+22),1,31:29:00,9,17,0.529,3,8,0.375,5,6,0.833,4,6,10,10,1,0,5,0,26,24.9,26
72,64,3/29/2014,24-215,HOU,,LAC,L (-11),1,41:31:00,9,22,0.409,3,11,0.273,11,13,0.846,2,5,7,6,1,0,6,3,32,20.3,-2
73,65,4/1/2014,24-218,HOU,@,BRK,L (-9),1,36:06:00,4,10,0.4,2,6,0.333,16,16,1,1,0,1,9,2,0,4,2,26,24.8,-17
74,66,4/2/2014,24-219,HOU,@,TOR,L (-4),1,39:37:00,7,17,0.412,2,6,0.333,10,12,0.833,0,6,6,4,2,0,1,4,26,20.1,-14
75,67,4/4/2014,24-221,HOU,,OKC,W (+4),1,43:02:00,9,22,0.409,4,8,0.5,17,20,0.85,0,9,9,7,2,0,5,2,39,29.8,5
76,68,4/6/2014,24-223,HOU,,DEN,W (+5),1,43:13:00,9,23,0.391,3,10,0.3,11,12,0.917,0,4,4,10,4,0,5,3,32,25.1,1
77,69,4/8/2014,24-225,HOU,@,LAL,W (+15),1,31:46:00,10,15,0.667,3,6,0.5,10,11,0.909,1,2,3,12,0,1,1,3,33,34.3,26
78,70,4/9/2014,24-226,HOU,@,DEN,L (-7),1,25:46:00,1,9,0.111,0,4,0,8,8,1,0,4,4,6,1,0,1,0,10,9.5,-21
79,71,4/11/2014,24-228,HOU,@,MIN,L (-2),1,46:09:00,7,14,0.5,4,5,0.8,15,19,0.789,1,7,8,10,6,0,5,5,33,33.2,-3
80,72,4/12/2014,24-229,HOU,,NOP,W (+7),1,43:22:00,10,22,0.455,3,8,0.375,10,10,1,1,3,4,13,2,0,4,2,33,29.5,11
81,73,4/14/2014,24-231,HOU,,SAS,W (+6),1,35:11:00,4,16,0.25,0,4,0,8,8,1,0,2,2,7,1,0,1,4,16,10.3,6
1,1,10/28/2014,25-063,HOU,@,LAL,W (+18),1,30:46:00,7,17,0.412,3,6,0.5,15,16,0.938,0,1,1,6,1,0,0,1,32,27.6,12
2,2,10/29/2014,25-064,HOU,@,UTA,W (+11),1,38:11:00,6,18,0.333,1,5,0.2,5,6,0.833,1,6,7,10,0,1,6,5,18,9.6,21
3,3,11/1/2014,25-067,HOU,,BOS,W (+14),1,31:06:00,5,14,0.357,2,6,0.333,14,14,1,0,8,8,6,4,1,3,1,26,26.1,18
4,4,11/3/2014,25-069,HOU,@,PHI,W (+11),1,38:12:00,7,18,0.389,4,8,0.5,17,18,0.944,1,8,9,5,1,1,4,2,35,28.3,18
5,5,11/4/2014,25-070,HOU,@,MIA,W (+17),1,40:23:00,6,13,0.462,3,7,0.429,10,10,1,2,7,9,10,1,2,5,2,25,25.4,15
6,6,11/6/2014,25-072,HOU,,SAS,W (+17),1,32:52:00,8,15,0.533,1,4,0.25,3,6,0.5,2,4,6,6,1,3,8,1,20,13,25
7,7,11/8/2014,25-074,HOU,,GSW,L (-11),1,43:26:00,8,24,0.333,1,11,0.091,5,6,0.833,0,7,7,7,2,0,5,0,22,12,-11
8,8,11/12/2014,25-078,HOU,@,MIN,W (+12),1,39:45:00,8,23,0.348,2,8,0.25,5,5,1,1,3,4,10,3,0,1,3,23,19.5,13
9,9,11/14/2014,25-080,HOU,,PHI,W (+1),1,40:44:00,10,24,0.417,1,5,0.2,14,16,0.875,0,6,6,7,3,1,5,5,35,24.8,4
10,10,11/16/2014,25-082,HOU,@,OKC,W (+4),1,37:13:00,5,17,0.294,2,9,0.222,7,8,0.875,1,8,9,5,1,1,4,3,19,11.8,-2
11,11,11/17/2014,25-083,HOU,@,MEM,L (-26),1,33:32:00,1,8,0.125,0,4,0,4,5,0.8,1,4,5,4,2,1,3,4,6,3.2,-29
12,12,11/19/2014,25-085,HOU,,LAL,L (-6),1,37:42:00,7,11,0.636,2,3,0.667,8,10,0.8,0,4,4,7,1,1,6,4,24,18.5,-7
13,13,11/22/2014,25-088,HOU,,DAL,W (+3),1,37:06:00,8,18,0.444,4,9,0.444,12,13,0.923,3,5,8,4,2,0,4,3,32,25.4,-3
14,14,11/24/2014,25-090,HOU,,NYK,W (+5),1,39:31:00,11,22,0.5,7,12,0.583,7,7,1,1,5,6,6,3,1,5,2,36,29.3,7
15,15,11/26/2014,25-092,HOU,,SAC,W (+13),1,37:27:00,10,31,0.323,2,9,0.222,4,6,0.667,3,4,7,8,2,3,1,3,26,18.3,5
16,16,11/28/2014,25-094,HOU,,LAC,L (-17),1,37:51:00,5,12,0.417,0,4,0,6,6,1,0,4,4,6,2,2,5,3,16,12.2,-5
17,17,11/29/2014,25-095,HOU,@,MIL,W (+14),1,38:16:00,9,14,0.643,4,5,0.8,12,13,0.923,2,4,6,7,4,1,5,4,34,33,14
18,18,12/3/2014,25-099,HOU,,MEM,W (+9),1,28:02:00,6,11,0.545,2,5,0.4,7,8,0.875,1,3,4,4,3,1,3,3,21,19.2,21
19,19,12/5/2014,25-101,HOU,@,MIN,W (+2),1,36:35:00,11,17,0.647,3,5,0.6,13,14,0.929,0,4,4,6,0,0,8,6,38,25.1,7
20,20,12/6/2014,25-102,HOU,,PHO,W (+5),1,39:11:00,5,21,0.238,1,9,0.111,4,5,0.8,1,11,12,7,2,3,6,1,15,8.5,3
21,21,12/10/2014,25-106,HOU,@,GSW,L (-12),1,39:35:00,14,27,0.519,3,8,0.375,3,4,0.75,1,6,7,4,4,0,5,3,34,23.4,-5
22,22,12/11/2014,25-107,HOU,@,SAC,W (+4),1,47:56:00,14,32,0.438,3,10,0.3,13,15,0.867,0,4,4,8,3,1,2,2,44,34.1,10
23,23,12/13/2014,25-109,HOU,,DEN,W (+12),1,37:59:00,7,20,0.35,2,5,0.4,8,9,0.889,0,10,10,10,1,2,3,3,24,20.6,8
24,24,12/17/2014,25-113,HOU,@,DEN,W (+4),1,44:55:00,11,21,0.524,1,7,0.143,18,21,0.857,1,3,4,10,2,0,4,2,41,35.3,12
25,25,12/18/2014,25-114,HOU,,NOP,L (-9),1,34:04:00,8,23,0.348,2,7,0.286,3,5,0.6,2,5,7,5,0,0,4,4,21,8.1,-10
26,26,12/20/2014,25-116,HOU,,ATL,L (-7),1,39:11:00,5,16,0.313,2,7,0.286,6,6,1,1,5,6,14,1,1,3,5,18,17.5,2
27,27,12/22/2014,25-118,HOU,,POR,W (+15),1,31:50:00,14,26,0.538,4,9,0.444,12,13,0.923,0,3,3,7,5,0,1,2,44,40,19
28,28,12/26/2014,25-122,HOU,@,MEM,W (+6),1,41:23:00,10,17,0.588,2,4,0.5,10,11,0.909,1,7,8,10,0,3,2,1,32,33.2,9
29,29,12/28/2014,25-124,HOU,@,SAS,L (-4),1,35:56:00,10,18,0.556,3,6,0.5,5,6,0.833,1,1,2,5,2,0,9,5,28,14.5,-14
30,30,12/29/2014,25-125,HOU,,WAS,L (-1),1,35:38:00,12,23,0.522,3,8,0.375,6,7,0.857,1,5,6,4,1,0,2,3,33,24.1,-13
31,31,12/31/2014,25-127,HOU,,CHO,W (+19),1,33:11:00,12,19,0.632,8,11,0.727,4,4,1,0,7,7,6,2,1,1,1,36,35.1,16
32,32,1/2/2015,25-129,HOU,@,NOP,L (-28),1,25:08:00,5,13,0.385,1,6,0.167,0,0,,1,1,2,3,2,0,5,3,11,2.8,-20
33,33,1/3/2015,25-130,HOU,,MIA,W (+36),1,28:12:00,9,17,0.529,3,6,0.5,7,7,1,1,4,5,2,1,0,3,1,28,20.6,15
34,34,1/5/2015,25-132,HOU,@,CHI,L (-9),1,38:19:00,7,22,0.318,3,8,0.375,3,3,1,0,2,2,4,1,2,2,4,20,9.6,-10
35,35,1/7/2015,25-134,HOU,@,CLE,W (+12),1,33:01:00,6,18,0.333,2,7,0.286,7,7,1,2,5,7,9,1,0,7,0,21,14,7
36,36,1/8/2015,25-135,HOU,@,NYK,W (+24),1,30:40:00,8,17,0.471,3,7,0.429,6,6,1,0,4,4,9,3,0,3,2,25,23,32
37,37,1/10/2015,25-137,HOU,,UTA,W (+15),1,34:17:00,8,14,0.571,4,8,0.5,10,11,0.909,1,2,3,5,1,1,6,3,30,22.3,25
38,38,1/12/2015,25-139,HOU,@,BRK,W (+14),1,29:47:00,9,13,0.692,4,7,0.571,8,8,1,0,3,3,6,2,0,2,1,30,29.2,19
39,39,1/14/2015,25-141,HOU,@,ORL,L (-7),1,37:58:00,10,16,0.625,1,5,0.2,5,6,0.833,2,2,4,10,5,1,7,4,26,24.5,-11
40,40,1/15/2015,25-142,HOU,,OKC,W (+11),1,37:22:00,9,15,0.6,6,8,0.75,7,9,0.778,1,8,9,10,1,0,2,3,31,31.2,23
41,41,1/17/2015,25-144,HOU,,GSW,L (-25),1,30:04:00,4,15,0.267,0,4,0,4,7,0.571,1,3,4,4,1,0,3,5,12,2.3,-16
42,42,1/19/2015,25-146,HOU,,IND,W (+12),1,39:56:00,12,18,0.667,7,12,0.583,14,15,0.933,1,0,1,7,4,1,5,0,45,42.1,17
43,43,1/21/2015,25-148,HOU,@,GSW,L (-13),1,31:57:00,8,18,0.444,3,6,0.5,14,16,0.875,2,2,4,6,2,1,2,2,33,28.9,-22
44,44,1/23/2015,25-150,HOU,@,PHO,W (+2),1,39:48:00,8,18,0.444,3,6,0.5,14,17,0.824,0,6,6,10,3,1,3,4,33,30.3,1
45,45,1/25/2015,25-152,HOU,@,LAL,W (+12),1,35:11:00,12,20,0.6,4,11,0.364,9,10,0.9,1,7,8,5,2,0,6,0,37,29.7,16
46,46,1/28/2015,25-155,HOU,,DAL,W (+5),1,37:38:00,7,14,0.5,1,3,0.333,2,3,0.667,1,4,5,8,4,0,4,5,17,15.1,-2
47,47,1/30/2015,25-157,HOU,@,BOS,W (+6),1,39:25:00,4,21,0.19,2,7,0.286,4,5,0.8,0,6,6,7,2,0,5,2,14,3.4,3
48,48,1/31/2015,25-158,HOU,@,DET,L (-13),1,36:28:00,10,17,0.588,2,4,0.5,4,5,0.8,0,7,7,9,2,1,4,1,26,24.4,-2
49,49,2/4/2015,25-162,HOU,,CHI,W (+11),1,36:18:00,9,20,0.45,3,5,0.6,6,6,1,1,2,3,4,1,2,2,2,27,20.3,1
50,50,2/6/2015,25-164,HOU,,MIL,W (+6),1,40:14:00,9,14,0.643,3,6,0.5,12,17,0.706,0,3,3,5,1,0,3,1,33,26.8,9
51,51,2/8/2015,25-166,HOU,,POR,L (-11),1,39:50:00,11,25,0.44,4,10,0.4,19,23,0.826,4,5,9,8,2,0,4,2,45,37.4,-5
52,52,2/10/2015,25-168,HOU,@,PHO,W (+9),1,42:39:00,13,23,0.565,3,7,0.429,11,14,0.786,3,9,12,9,3,1,5,1,40,37.3,16
53,53,2/11/2015,25-169,HOU,@,LAC,L (-15),1,35:58:00,3,12,0.25,0,7,0,3,5,0.6,0,5,5,6,3,0,5,4,9,3.1,-8
54,54,2/20/2015,25-178,HOU,@,DAL,L (-11),1,37:20:00,6,14,0.429,3,5,0.6,11,13,0.846,1,6,7,5,2,0,6,5,26,17.8,-12
55,55,2/21/2015,25-179,HOU,,TOR,W (+22),1,29:18:00,5,12,0.417,2,6,0.333,8,10,0.8,0,5,5,7,2,0,5,2,20,15.4,9
56,56,2/23/2015,25-181,HOU,,MIN,W (+11),1,38:39:00,7,20,0.35,5,11,0.455,12,15,0.8,1,10,11,10,1,4,3,3,31,28.9,13
57,57,2/25/2015,25-183,HOU,,LAC,W (+5),1,36:29:00,4,13,0.308,3,9,0.333,10,12,0.833,0,4,4,10,0,0,3,1,21,17.5,-6
58,58,2/27/2015,25-185,HOU,,BRK,W (+4),1,38:20:00,4,15,0.267,0,4,0,7,7,1,0,5,5,12,1,0,4,3,15,11.8,3
59,59,3/1/2015,25-187,HOU,,CLE,W (+2),1,42:21:00,8,18,0.444,2,6,0.333,15,18,0.833,2,6,8,5,3,2,5,3,33,27.3,14
61,60,3/4/2015,25-190,HOU,,MEM,L (-2),1,41:24:00,7,16,0.438,2,7,0.286,2,2,1,1,3,4,13,1,2,3,1,18,19.3,10
62,61,3/6/2015,25-192,HOU,,DET,W (+10),1,37:46:00,10,21,0.476,2,6,0.333,16,18,0.889,1,11,12,12,1,0,7,1,38,32.5,28
63,62,3/7/2015,25-193,HOU,@,DEN,W (+14),1,36:29:00,8,19,0.421,2,4,0.5,10,11,0.909,1,3,4,7,2,0,4,5,28,20,5
64,63,3/11/2015,25-197,HOU,@,POR,L (-5),1,38:08:00,7,19,0.368,0,3,0,4,5,0.8,1,1,2,6,3,0,4,3,18,10.1,2
65,64,3/12/2015,25-198,HOU,@,UTA,L (-18),1,34:00:00,3,13,0.231,0,5,0,9,13,0.692,2,2,4,7,3,0,3,1,15,12,-16
66,65,3/15/2015,25-201,HOU,@,LAC,W (+2),1,40:38:00,7,16,0.438,3,5,0.6,17,18,0.944,0,7,7,7,0,0,3,3,34,28,5
67,66,3/17/2015,25-203,HOU,,ORL,W (+13),1,34:40:00,4,14,0.286,1,4,0.25,8,11,0.727,1,7,8,4,3,0,4,1,17,11.8,14
68,67,3/19/2015,25-205,HOU,,DEN,W (+10),1,40:09:00,12,27,0.444,4,12,0.333,22,25,0.88,1,9,10,4,1,0,4,2,50,37.1,22
69,68,3/21/2015,25-207,HOU,,PHO,L (-15),1,32:33:00,5,19,0.263,1,8,0.125,5,5,1,1,1,2,5,0,2,5,3,16,4.4,-27
70,69,3/23/2015,25-209,HOU,@,IND,W (+10),1,43:05:00,10,21,0.476,3,8,0.375,21,22,0.955,1,3,4,7,2,2,4,4,44,37.2,5
71,70,3/25/2015,25-211,HOU,@,NOP,W (+2),1,37:25:00,9,20,0.45,1,4,0.25,6,9,0.667,0,6,6,10,1,1,2,3,25,20.7,-2
72,71,3/27/2015,25-213,HOU,,MIN,W (+10),1,36:56:00,9,19,0.474,6,12,0.5,9,10,0.9,1,3,4,8,5,0,3,4,33,30.5,10
73,72,3/29/2015,25-215,HOU,@,WAS,W (+8),1,37:50:00,7,20,0.35,1,6,0.167,9,10,0.9,0,3,3,6,2,1,3,3,24,16,1
74,73,3/30/2015,25-216,HOU,@,TOR,L (-3),1,37:57:00,9,22,0.409,3,8,0.375,10,12,0.833,2,3,5,5,1,0,3,3,31,21,-13
75,74,4/1/2015,25-218,HOU,,SAC,W (+4),1,37:33:00,16,25,0.64,8,9,0.889,11,13,0.846,2,6,8,6,3,0,7,1,51,42.1,10
76,75,4/2/2015,25-219,HOU,@,DAL,W (+7),1,38:57:00,6,15,0.4,2,8,0.25,10,12,0.833,0,4,4,6,1,0,5,2,24,15.7,12
77,76,4/5/2015,25-222,HOU,@,OKC,W (+3),1,38:04:00,12,22,0.545,6,9,0.667,11,13,0.846,2,4,6,6,3,0,3,6,41,34,-3
78,77,4/8/2015,25-225,HOU,@,SAS,L (-12),1,35:22:00,6,15,0.4,2,6,0.333,8,8,1,2,2,4,4,1,0,1,1,22,18.3,-26
79,78,4/10/2015,25-227,HOU,,SAS,L (-1),1,37:41:00,5,19,0.263,2,5,0.4,4,6,0.667,0,2,2,10,3,0,4,2,16,9.7,-2
80,79,4/12/2015,25-229,HOU,,NOP,W (+7),1,37:47:00,10,18,0.556,1,6,0.167,9,9,1,0,1,1,7,1,1,4,2,30,23.5,1
81,80,4/13/2015,25-230,HOU,@,CHO,W (+10),1,36:53:00,7,20,0.35,1,8,0.125,14,16,0.875,2,4,6,6,1,2,2,1,29,23.8,0
82,81,4/15/2015,25-232,HOU,,UTA,W (+26),1,27:27:00,3,8,0.375,2,5,0.4,8,8,1,0,11,11,10,1,1,6,2,16,16.8,28
