DATE,HOME_ABBR,VISITOR_ABBR,PTS_home,PTS_away,margin,FG_PCT_home,FT_PCT_home,FG3_PCT_home,AST_home,REB_home,FG_PCT_away,FT_PCT_away,FG3_PCT_away,AST_away,REB_away
2020-12-22,BRK,GSW,125.0,99.0,26,.457,.813,.429,24,57,.374,.652,.303,26,47
2020-12-22,LAL,LAC,109.0,116.0,-7,.469,.774,.310,22,45,.473,.737,.350,22,40
2020-12-23,CLE,CHO,121.0,114.0,7,.529,.750,.467,34,50,.500,.533,.364,29,32
2020-12-23,IND,NYK,121.0,107.0,14,.489,.724,.235,28,50,.459,.739,.429,25,40
2020-12-23,ORL,MIA,113.0,107.0,6,.477,.633,.357,23,41,.506,.842,.350,25,43
2020-12-23,PHI,WAS,113.0,107.0,6,.471,.767,.286,22,47,.459,.696,.481,28,40
2020-12-23,TOR,NOP,99.0,113.0,-14,.427,.750,.304,26,35,.525,.500,.452,30,45
2020-12-23,BOS,MIL,122.0,121.0,1,.475,.727,.450,23,37,.511,.833,.400,19,52
2020-12-23,CHI,ATL,104.0,124.0,-20,.414,.857,.229,20,37,.538,.828,.400,24,46
2020-12-23,MEM,SAS,119.0,131.0,-12,.516,.611,.370,27,42,.505,.862,.400,28,48
2020-12-23,MIN,DET,111.0,101.0,10,.432,.857,.268,25,48,.484,.375,.229,29,44
2020-12-23,DEN,SAC,122.0,124.0,-2,.480,.833,.276,28,46,.441,.774,.323,27,54
2020-12-23,POR,UTA,100.0,120.0,-20,.402,.824,.364,23,40,.457,.789,.380,24,59
2020-12-23,PHO,DAL,106.0,102.0,4,.481,.704,.367,21,48,.424,.808,.243,17,39
2020-12-25,MIA,NOP,111.0,98.0,13,.507,.826,.432,29,35,.397,.788,.286,18,41
2020-12-25,MIL,GSW,138.0,99.0,39,.556,.692,.556,25,60,.343,.840,.222,14,43
2020-12-25,BOS,BRK,95.0,123.0,-28,.378,.684,.296,23,47,.539,.839,.517,21,43
2020-12-25,LAL,DAL,138.0,115.0,23,.560,.708,.487,33,53,.494,.769,.406,20,27
2020-12-25,DEN,LAC,108.0,121.0,-13,.457,.742,.306,25,32,.554,.833,.500,32,38
2020-12-26,MEM,ATL,112.0,122.0,-10,.398,.862,.302,20,46,.427,.868,.361,23,54
2020-12-26,CHO,OKC,107.0,109.0,-2,.398,.625,.406,27,47,.455,.792,.278,25,54
2020-12-26,DET,CLE,119.0,128.0,-9,.408,.719,.356,24,57,.485,.633,.433,29,51
2020-12-26,WAS,ORL,120.0,130.0,-10,.484,.536,.351,28,43,.505,.793,.355,25,54
2020-12-26,NYK,PHI,89.0,109.0,-20,.386,.739,.276,19,43,.466,.727,.355,20,47
2020-12-26,CHI,IND,106.0,125.0,-19,.374,.880,.410,23,41,.559,.632,.346,34,49
2020-12-26,SAS,TOR,119.0,114.0,5,.470,.688,.412,36,53,.458,.733,.366,32,46
2020-12-26,UTA,MIN,111.0,116.0,-5,.383,.784,.294,15,57,.446,.722,.448,21,40
2020-12-26,POR,HOU,128.0,126.0,2,.461,.652,.422,27,45,.517,.781,.314,27,42
2020-12-26,SAC,PHO,106.0,103.0,3,.453,.697,.217,20,56,.418,.769,.250,25,40
2020-12-27,LAC,DAL,73.0,124.0,-51,.342,.850,.121,13,36,.494,.889,.341,25,54
2020-12-27,NOP,SAS,98.0,95.0,3,.383,.724,.208,15,56,.427,1.000,.306,26,47
2020-12-27,WAS,ORL,113.0,120.0,-7,.485,.846,.250,27,47,.435,.974,.360,19,45
2020-12-27,CHO,BRK,106.0,104.0,2,.448,.588,.294,35,52,.427,.680,.362,23,46
2020-12-27,CLE,PHI,118.0,94.0,24,.527,.813,.391,31,45,.418,.727,.324,24,39
2020-12-27,NYK,MIL,130.0,110.0,20,.541,.815,.593,27,46,.432,.724,.184,24,44
2020-12-27,IND,BOS,108.0,107.0,1,.511,.733,.269,23,37,.506,.750,.391,21,40
2020-12-27,CHI,GSW,128.0,129.0,-1,.512,.742,.415,27,54,.404,.900,.383,25,41
2020-12-27,SAC,PHO,100.0,116.0,-16,.474,.720,.435,21,39,.489,.909,.400,34,44
2020-12-27,LAL,MIN,127.0,91.0,36,.556,.778,.371,32,46,.369,.643,.171,24,48
2020-12-28,BRK,MEM,111.0,116.0,-5,.410,.882,.333,28,50,.429,.759,.345,20,56
2020-12-28,ATL,DET,128.0,120.0,8,.488,.875,.476,30,45,.439,.875,.317,24,48
2020-12-28,OKC,UTA,109.0,110.0,-1,.465,.737,.395,21,37,.500,.786,.361,24,43
2020-12-28,DEN,HOU,124.0,111.0,13,.529,.563,.452,31,52,.453,.739,.410,25,38
2020-12-28,LAL,POR,107.0,115.0,-8,.471,.833,.370,20,41,.467,.867,.348,27,45
2020-12-29,CLE,NYK,86.0,95.0,-9,.364,.682,.219,22,43,.430,.619,.560,23,55
2020-12-29,DET,GSW,106.0,116.0,-10,.380,.793,.371,21,45,.500,.722,.424,21,40
2020-12-29,IND,BOS,111.0,116.0,-5,.512,.813,.364,27,36,.500,.730,.409,21,43
2020-12-29,WAS,CHI,107.0,115.0,-8,.440,.885,.270,25,47,.437,.750,.417,26,37
2020-12-29,PHI,TOR,100.0,93.0,7,.381,.848,.258,21,54,.356,.857,.378,21,47
2020-12-29,MIA,MIL,97.0,144.0,-47,.468,.667,.297,23,30,.554,.867,.569,32,45
2020-12-29,OKC,ORL,107.0,118.0,-11,.494,.526,.324,20,47,.510,.813,.318,26,46
2020-12-29,PHO,NOP,111.0,86.0,25,.440,.947,.404,24,43,.481,.500,.125,18,41
2020-12-29,SAC,DEN,125.0,115.0,10,.489,.773,.485,33,37,.543,.800,.393,27,39
2020-12-29,LAC,MIN,124.0,101.0,23,.534,.875,.516,32,46,.416,.824,.342,22,39
2020-12-30,MIA,MIL,119.0,108.0,11,.488,.828,.385,25,52,.392,.923,.390,26,47
2020-12-30,BRK,ATL,145.0,141.0,4,.540,.783,.463,30,40,.475,.829,.391,27,54
2020-12-30,BOS,MEM,126.0,107.0,19,.538,.857,.410,27,42,.430,.720,.273,26,46
2020-12-30,DAL,CHO,99.0,118.0,-19,.391,.576,.286,24,39,.512,.810,.441,30,50
2020-12-30,SAS,LAL,107.0,121.0,-14,.460,.739,.417,25,39,.561,.750,.538,25,47
2020-12-30,LAC,POR,128.0,105.0,23,.495,.727,.474,30,47,.421,.853,.316,14,41
2020-12-31,IND,CLE,119.0,99.0,20,.483,.792,.457,28,44,.451,.542,.522,22,43
2020-12-31,WAS,CHI,130.0,133.0,-3,.500,.780,.483,27,37,.543,.760,.389,34,44
2020-12-31,ORL,PHI,92.0,116.0,-24,.347,.905,.250,17,48,.484,.867,.455,23,54
2020-12-31,HOU,SAC,122.0,119.0,3,.523,.760,.361,26,45,.469,.750,.333,23,45
2020-12-31,TOR,NYK,100.0,83.0,17,.410,.714,.327,21,53,.364,.800,.083,21,48
2020-12-31,OKC,NOP,80.0,113.0,-33,.375,.333,.313,24,40,.484,.632,.361,23,58
2020-12-31,UTA,PHO,95.0,106.0,-11,.417,.684,.353,16,46,.488,.700,.515,26,41
2021-01-01,CHO,MEM,93.0,108.0,-15,.407,.667,.290,23,42,.478,.800,.359,34,48
2021-01-01,DAL,MIA,93.0,83.0,10,.410,.739,.324,18,49,.372,.720,.212,20,41
2021-01-01,DET,BOS,96.0,93.0,3,.409,.650,.324,18,48,.470,.500,.258,20,44
2021-01-01,BRK,ATL,96.0,114.0,-18,.407,.826,.189,19,45,.462,.857,.410,24,48
2021-01-01,MIL,CHI,126.0,96.0,30,.494,.667,.489,27,44,.437,.700,.231,18,42
2021-01-01,MIN,WAS,109.0,130.0,-21,.477,.571,.361,17,43,.551,.762,.485,35,43
2021-01-01,SAS,LAL,103.0,109.0,-6,.424,.692,.382,23,45,.406,.813,.424,27,58
2021-01-01,DEN,PHO,103.0,106.0,-3,.453,.813,.414,28,38,.487,.905,.371,24,37
2021-01-01,UTA,LAC,106.0,100.0,6,.461,.643,.357,28,46,.388,.875,.394,19,43
2021-01-01,GSW,POR,98.0,123.0,-25,.392,.879,.200,19,44,.435,.767,.465,23,51
2021-01-02,HOU,SAC,102.0,94.0,8,.444,.739,.317,15,48,.389,.714,.321,11,47
2021-01-02,IND,NYK,102.0,106.0,-4,.405,.833,.380,22,32,.506,.769,.444,23,51
2021-01-02,ORL,OKC,99.0,108.0,-9,.370,.750,.263,21,55,.442,.905,.317,22,52
2021-01-02,PHI,CHO,127.0,112.0,15,.595,.708,.457,35,45,.413,.885,.371,34,40
2021-01-02,ATL,CLE,91.0,96.0,-5,.412,.526,.344,22,48,.418,.765,.241,19,46
2021-01-02,NOP,TOR,120.0,116.0,4,.422,.766,.368,26,50,.418,.963,.292,21,40
2021-01-03,DET,BOS,120.0,122.0,-2,.477,.880,.444,29,33,.563,.692,.455,35,41
2021-01-03,BRK,WAS,122.0,123.0,-1,.494,.903,.438,25,51,.413,.735,.364,27,49
2021-01-03,MEM,LAL,94.0,108.0,-14,.411,.875,.273,23,50,.461,.737,.343,24,49
2021-01-03,MIN,DEN,109.0,124.0,-15,.518,.688,.323,30,36,.489,.714,.422,34,43
2021-01-03,SAS,UTA,109.0,130.0,-21,.419,.714,.316,23,45,.551,.579,.512,29,57
2021-01-03,CHI,DAL,118.0,108.0,10,.459,.900,.351,16,48,.438,.704,.262,23,41
2021-01-03,PHO,LAC,107.0,112.0,-5,.493,.821,.303,23,40,.482,.789,.586,24,37
2021-01-03,GSW,POR,137.0,122.0,15,.557,.765,.382,23,53,.418,.788,.326,16,40
2021-01-04,ORL,CLE,103.0,83.0,20,.432,.923,.441,22,54,.388,.583,.357,20,35
2021-01-04,PHI,CHO,118.0,101.0,17,.484,.652,.344,34,55,.419,.727,.333,30,47
2021-01-04,ATL,NYK,108.0,113.0,-5,.460,.783,.323,24,40,.506,.800,.333,26,45
2021-01-04,MIA,OKC,118.0,90.0,28,.568,.556,.471,34,47,.367,.704,.271,20,38
2021-01-04,TOR,BOS,114.0,126.0,-12,.400,.763,.351,20,37,.488,.853,.517,19,56
2021-01-04,HOU,DAL,100.0,113.0,-13,.390,.806,.275,17,35,.476,.950,.410,24,51
2021-01-04,MIL,DET,125.0,115.0,10,.576,.813,.412,32,49,.439,1.000,.425,27,31
2021-01-04,NOP,IND,116.0,118.0,-2,.436,.792,.333,26,57,.484,.692,.422,32,42
2021-01-04,GSW,SAC,137.0,106.0,31,.526,.857,.535,41,48,.378,.718,.286,20,52
2021-01-05,BRK,UTA,130.0,96.0,34,.559,.750,.389,31,51,.384,.704,.324,17,41
2021-01-05,MEM,LAL,92.0,94.0,-2,.414,.769,.385,24,38,.437,.818,.290,24,52
2021-01-05,DEN,MIN,123.0,116.0,7,.519,.733,.320,22,42,.462,.778,.324,24,42
2021-01-05,LAC,SAS,113.0,116.0,-3,.500,.923,.429,29,45,.458,.727,.500,23,44
2021-01-05,POR,CHI,108.0,111.0,-3,.415,.647,.373,23,46,.440,.833,.390,27,52
2021-01-06,IND,HOU,114.0,107.0,7,.472,.808,.391,21,38,.481,.808,.267,19,39
2021-01-06,ORL,CLE,105.0,94.0,11,.494,.722,.414,20,43,.424,.692,.154,24,45
2021-01-06,PHI,WAS,141.0,136.0,5,.617,.697,.621,33,35,.500,.743,.432,27,35
2021-01-06,ATL,CHO,94.0,102.0,-8,.375,.833,.175,25,57,.376,.818,.306,22,49
2021-01-06,MIA,BOS,105.0,107.0,-2,.432,.846,.361,26,42,.424,.917,.343,22,53
2021-01-06,NYK,UTA,112.0,100.0,12,.517,.737,.364,22,48,.440,.545,.318,20,42
2021-01-06,MIL,DET,130.0,115.0,15,.544,.619,.442,35,47,.392,.867,.317,20,47
2021-01-06,NOP,OKC,110.0,111.0,-1,.494,.783,.182,25,52,.460,.750,.413,28,38
2021-01-06,PHO,TOR,123.0,115.0,8,.482,.917,.525,30,41,.494,.719,.400,18,42
2021-01-06,GSW,LAC,101.0,108.0,-7,.453,.789,.267,25,35,.444,1.000,.324,19,48
2021-01-06,SAC,CHI,128.0,124.0,4,.516,.741,.378,30,39,.527,.800,.350,27,43
2021-01-07,BRK,PHI,122.0,109.0,13,.454,.655,.405,30,48,.471,.900,.346,23,47
2021-01-07,MEM,CLE,90.0,94.0,-4,.434,.875,.355,27,48,.456,.563,.433,24,37
2021-01-07,DEN,DAL,117.0,124.0,-7,.443,.762,.341,25,47,.483,.774,.400,27,44
2021-01-07,LAL,SAS,109.0,118.0,-9,.500,.619,.333,21,48,.467,.941,.457,28,40
2021-01-07,POR,MIN,135.0,117.0,18,.544,.826,.439,25,44,.419,.758,.341,24,48
2021-01-08,DET,PHO,110.0,105.0,5,.411,.862,.324,23,46,.451,.462,.327,24,50
2021-01-08,BOS,WAS,116.0,107.0,9,.477,.733,.375,21,49,.466,.875,.379,22,38
2021-01-08,NOP,CHO,110.0,118.0,-8,.494,.731,.395,29,36,.471,.800,.381,33,45
2021-01-08,NYK,OKC,89.0,101.0,-12,.354,.600,.333,19,49,.437,.667,.324,16,62
2021-01-08,HOU,ORL,132.0,90.0,42,.560,.727,.468,34,49,.382,.875,.276,17,42
2021-01-08,MEM,BRK,115.0,110.0,5,.459,.857,.406,29,46,.469,.952,.452,26,42
2021-01-08,MIL,UTA,118.0,131.0,-13,.449,.810,.310,18,45,.505,.615,.472,31,50
2021-01-08,GSW,LAC,115.0,105.0,10,.488,.833,.488,25,38,.482,.846,.452,23,37
2021-01-08,LAL,CHI,117.0,115.0,2,.506,.852,.414,21,42,.505,.929,.385,26,41
2021-01-08,SAC,TOR,123.0,144.0,-21,.568,.571,.441,36,26,.582,.818,.513,30,44
2021-01-09,PHI,DEN,103.0,115.0,-12,.417,.600,.314,23,48,.500,.867,.364,28,45
2021-01-09,CHO,ATL,113.0,105.0,8,.519,.750,.455,27,41,.382,.821,.311,25,47
2021-01-09,IND,PHO,117.0,125.0,-8,.478,.708,.414,23,52,.489,1.000,.390,33,40
2021-01-09,WAS,MIA,124.0,128.0,-4,.444,.750,.375,25,39,.495,.769,.372,32,61
2021-01-09,MIL,CLE,100.0,90.0,10,.440,.778,.333,25,45,.414,.688,.269,16,47
2021-01-09,MIN,SAS,122.0,125.0,-3,.500,.647,.500,29,53,.436,.828,.406,22,48
2021-01-09,DAL,ORL,112.0,98.0,14,.494,.778,.500,25,44,.427,.727,.194,17,43
2021-01-09,SAC,POR,99.0,125.0,-26,.407,.714,.267,21,47,.440,.870,.415,26,50
2021-01-10,DET,UTA,86.0,96.0,-10,.333,.857,.238,21,39,.427,.682,.314,17,63
2021-01-10,LAC,CHI,130.0,127.0,3,.489,.800,.526,28,35,.610,.882,.545,30,38
2021-01-10,BRK,OKC,116.0,129.0,-13,.506,.833,.294,23,43,.544,.941,.385,24,34
2021-01-10,NYK,DEN,89.0,114.0,-25,.432,.760,.286,19,36,.536,.750,.429,23,43
2021-01-10,HOU,LAL,102.0,120.0,-18,.411,.696,.293,22,43,.505,.750,.345,28,49
2021-01-10,MIN,SAS,96.0,88.0,8,.420,.826,.346,19,52,.383,.571,.267,21,45
2021-01-10,GSW,TOR,106.0,105.0,1,.409,.895,.283,30,51,.406,.636,.342,20,48
2021-01-11,CHO,NYK,109.0,88.0,21,.487,.870,.406,28,37,.391,.647,.243,20,49
2021-01-11,CLE,MEM,91.0,101.0,-10,.451,.429,.423,20,40,.513,.762,.250,32,40
2021-01-11,ORL,MIL,99.0,121.0,-22,.429,.769,.355,24,44,.505,.800,.371,25,43
2021-01-11,WAS,PHO,128.0,107.0,21,.522,.607,.441,29,53,.448,.833,.148,21,42
2021-01-11,ATL,PHI,112.0,94.0,18,.374,.778,.386,20,58,.402,.923,.222,20,50
2021-01-11,POR,TOR,112.0,111.0,1,.458,.880,.333,18,42,.449,1.000,.404,27,43
2021-01-11,SAC,IND,127.0,122.0,5,.560,.783,.469,29,44,.485,.833,.333,26,37
2021-01-12,PHI,MIA,137.0,134.0,3,.490,.720,.345,32,52,.462,.792,.339,27,46
2021-01-12,BRK,DEN,122.0,116.0,6,.608,.667,.500,31,41,.500,.625,.486,28,32
2021-01-12,CLE,UTA,87.0,117.0,-30,.389,.643,.258,23,40,.500,.750,.533,26,48
2021-01-12,HOU,LAL,100.0,117.0,-17,.392,.750,.300,23,42,.500,.704,.438,26,55
2021-01-12,OKC,SAS,102.0,112.0,-10,.434,.793,.269,18,52,.432,.909,.286,26,46
2021-01-12,GSW,IND,95.0,104.0,-9,.382,.636,.342,25,46,.443,.680,.321,26,50
2021-01-13,CHO,DAL,93.0,104.0,-11,.380,.500,.263,26,53,.417,.563,.326,22,54
2021-01-13,DET,MIL,101.0,110.0,-9,.391,.682,.400,25,47,.482,.643,.442,31,48
2021-01-13,NYK,BRK,109.0,116.0,-7,.478,.833,.393,22,43,.484,.706,.400,29,46
2021-01-13,MIN,MEM,107.0,118.0,-11,.433,.833,.243,27,48,.472,.769,.320,33,47
2021-01-13,OKC,LAL,99.0,128.0,-29,.430,.789,.323,23,42,.495,.773,.459,26,50
2021-01-13,LAC,NOP,111.0,106.0,5,.473,.852,.486,26,36,.477,.750,.357,18,48
2021-01-13,SAC,POR,126.0,132.0,-6,.524,.731,.500,35,42,.489,.778,.479,28,38
2021-01-14,PHI,MIA,125.0,108.0,17,.537,.833,.459,27,35,.494,.615,.353,28,41
2021-01-14,SAS,HOU,105.0,109.0,-4,.457,.750,.290,26,41,.488,.632,.394,25,49
2021-01-14,TOR,CHO,111.0,108.0,3,.455,.846,.400,33,40,.483,.750,.429,32,44
2021-01-14,DEN,GSW,114.0,104.0,10,.456,.778,.297,29,50,.469,.708,.379,29,43
2021-01-14,POR,IND,87.0,111.0,-24,.368,1.000,.302,16,43,.478,.778,.300,29,50
2021-01-15,BOS,ORL,124.0,97.0,27,.511,.895,.405,25,45,.404,.636,.250,14,46
2021-01-15,CLE,NYK,106.0,103.0,3,.456,.735,.333,26,48,.488,.875,.360,20,39
2021-01-15,MIL,DAL,112.0,109.0,3,.448,.480,.378,22,57,.464,.462,.361,22,51
2021-01-15,OKC,CHI,127.0,125.0,2,.457,.667,.333,26,44,.473,.720,.457,27,56
2021-01-15,UTA,ATL,116.0,92.0,24,.467,.714,.455,27,53,.413,.733,.179,21,41
2021-01-15,LAL,NOP,112.0,95.0,17,.419,.731,.405,31,44,.477,.500,.310,22,47
2021-01-15,SAC,LAC,100.0,138.0,-38,.471,.706,.308,23,32,.584,.800,.514,29,47
2021-01-16,SAS,HOU,103.0,91.0,12,.400,.783,.208,19,58,.369,.630,.375,20,51
2021-01-16,BRK,ORL,122.0,115.0,7,.538,.880,.457,24,41,.463,.813,.304,28,38
2021-01-16,TOR,CHO,116.0,113.0,3,.419,.885,.429,28,43,.437,.759,.417,26,48
2021-01-16,MEM,PHI,106.0,104.0,2,.434,.667,.276,27,43,.440,.719,.280,23,53
2021-01-16,MIA,DET,100.0,120.0,-20,.478,.889,.414,25,31,.505,.667,.391,34,39
2021-01-16,POR,ATL,112.0,106.0,6,.388,.850,.341,18,55,.437,.857,.200,24,48
2021-01-17,BOS,NYK,75.0,105.0,-30,.298,.621,.152,15,43,.475,.810,.387,22,53
2021-01-17,DAL,CHI,101.0,117.0,-16,.441,.579,.258,18,47,.506,.727,.280,32,47
2021-01-17,DEN,UTA,105.0,109.0,-4,.400,.733,.378,25,52,.513,.571,.405,24,36
2021-01-17,SAC,NOP,123.0,128.0,-5,.516,.889,.333,23,33,.529,.794,.500,24,48
2021-01-17,LAC,IND,129.0,96.0,33,.552,.700,.487,27,52,.416,.688,.289,28,33
2021-01-18,NYK,ORL,91.0,84.0,7,.356,.706,.185,15,53,.337,.875,.316,18,51
2021-01-18,ATL,MIN,108.0,97.0,11,.468,.920,.393,32,48,.396,.688,.378,22,39
2021-01-18,POR,SAS,104.0,125.0,-21,.433,.842,.286,20,34,.533,.875,.455,33,48
2021-01-18,MEM,PHO,108.0,104.0,4,.494,.750,.423,31,40,.455,.563,.417,30,44
2021-01-18,BRK,MIL,125.0,123.0,2,.548,.857,.484,26,49,.438,.833,.289,21,41
2021-01-18,TOR,DAL,116.0,93.0,23,.500,.889,.364,23,46,.378,.815,.250,21,38
2021-01-18,CHI,HOU,125.0,120.0,5,.467,.905,.444,23,47,.523,.647,.425,25,36
2021-01-18,MIA,DET,113.0,107.0,6,.573,.789,.400,23,36,.463,.750,.351,24,32
2021-01-18,LAL,GSW,113.0,115.0,-2,.482,.727,.310,23,50,.506,.750,.324,31,32
2021-01-19,DEN,OKC,119.0,101.0,18,.438,.929,.333,29,58,.419,.652,.326,22,41
2021-01-19,UTA,NOP,118.0,102.0,16,.506,.647,.447,28,54,.453,.667,.231,17,38
2021-01-20,CLE,BRK,147.0,135.0,12,.514,.714,.500,29,50,.453,.889,.366,30,52
2021-01-20,IND,DAL,112.0,124.0,-12,.446,.667,.410,21,38,.526,.824,.296,32,49
2021-01-20,PHI,BOS,117.0,109.0,8,.462,.800,.333,20,41,.472,.650,.364,22,45
2021-01-20,ATL,DET,123.0,115.0,8,.440,.684,.391,21,63,.454,.895,.323,22,42
2021-01-20,TOR,MIA,102.0,111.0,-9,.398,.889,.327,27,41,.488,.882,.450,29,46
2021-01-20,MIN,ORL,96.0,97.0,-1,.424,.643,.429,25,43,.391,.714,.323,26,48
2021-01-20,HOU,PHO,103.0,109.0,-6,.420,.864,.323,17,39,.472,.895,.235,25,45
2021-01-20,GSW,SAS,121.0,99.0,22,.505,.700,.395,31,54,.372,.806,.121,17,43
2021-01-20,LAC,SAC,115.0,96.0,19,.477,.944,.457,24,48,.453,.417,.464,25,39
2021-01-21,MIL,LAL,106.0,113.0,-7,.506,.750,.321,27,46,.466,.800,.514,25,38
2021-01-21,GSW,NYK,104.0,119.0,-15,.384,.744,.237,27,46,.463,.780,.458,24,55
2021-01-21,UTA,NOP,129.0,118.0,11,.500,.960,.436,27,39,.494,.767,.440,27,41
2021-01-22,CHO,CHI,110.0,123.0,-13,.494,.760,.219,22,46,.510,.833,.349,33,43
2021-01-22,DET,HOU,102.0,103.0,-1,.378,.676,.469,17,55,.389,.750,.341,24,51
2021-01-22,IND,ORL,120.0,118.0,2,.495,.889,.353,28,44,.457,.625,.459,29,49
2021-01-22,CLE,BRK,125.0,113.0,12,.517,.844,.320,24,50,.483,.882,.326,23,29
2021-01-22,PHI,BOS,122.0,110.0,12,.556,.833,.429,23,45,.456,.800,.400,23,32
2021-01-22,TOR,MIA,101.0,81.0,20,.464,.667,.425,22,45,.429,.800,.226,19,32
2021-01-22,MIN,ATL,98.0,116.0,-18,.430,.833,.250,30,40,.458,.833,.429,21,55
2021-01-22,SAS,DAL,117.0,122.0,-5,.461,.767,.429,21,49,.484,.900,.359,23,42
2021-01-22,LAC,OKC,120.0,106.0,14,.512,.960,.303,21,48,.471,.769,.333,24,29
2021-01-22,PHO,DEN,126.0,130.0,-4,.500,1.000,.386,30,45,.515,.947,.231,32,43
2021-01-22,SAC,NYK,103.0,94.0,9,.418,.714,.353,21,55,.383,.680,.227,19,57
2021-01-23,BRK,MIA,128.0,124.0,4,.530,.808,.514,34,47,.472,.844,.283,29,31
2021-01-23,DET,PHI,110.0,114.0,-4,.430,.733,.424,25,43,.458,.789,.348,14,49
2021-01-23,MIN,NOP,120.0,110.0,10,.429,.811,.353,23,50,.460,.714,.303,21,42
2021-01-23,CHI,LAL,90.0,101.0,-11,.393,.727,.320,18,45,.456,.806,.211,20,42
2021-01-23,DAL,HOU,108.0,133.0,-25,.446,.725,.200,15,36,.547,.793,.432,28,52
2021-01-23,PHO,DEN,112.0,120.0,-8,.402,.778,.302,26,50,.412,.781,.417,22,65
2021-01-23,UTA,GSW,127.0,108.0,19,.479,.773,.400,28,57,.452,.667,.359,30,35
2021-01-24,IND,TOR,102.0,107.0,-5,.402,.864,.333,23,47,.411,.692,.429,24,45
2021-01-24,LAC,OKC,108.0,100.0,8,.446,.750,.304,26,46,.442,.643,.200,22,51
2021-01-24,BOS,CLE,141.0,103.0,38,.559,.852,.500,26,55,.400,.735,.303,24,34
2021-01-24,ORL,CHO,104.0,107.0,-3,.448,.692,.447,27,43,.477,.563,.389,28,43
2021-01-24,MIL,ATL,129.0,115.0,14,.549,.704,.323,32,52,.506,.773,.359,27,27
2021-01-24,SAS,WAS,121.0,101.0,20,.500,.909,.484,27,44,.424,.643,.333,23,50
2021-01-24,POR,NYK,116.0,113.0,3,.470,.913,.370,19,39,.453,.920,.414,20,47
2021-01-25,DET,PHI,119.0,104.0,15,.500,.842,.447,22,47,.426,.750,.321,15,36
2021-01-25,IND,TOR,129.0,114.0,15,.513,.822,.414,26,45,.409,.889,.368,24,39
2021-01-25,ORL,CHO,117.0,108.0,9,.477,.636,.514,31,49,.438,.704,.289,22,41
2021-01-25,BRK,MIA,98.0,85.0,13,.400,.864,.289,24,49,.369,.706,.256,20,45
2021-01-25,CLE,LAL,108.0,115.0,-7,.465,.864,.429,19,44,.483,.750,.313,21,40
2021-01-25,DAL,DEN,113.0,117.0,-4,.488,.833,.344,26,34,.506,.786,.429,25,49
2021-01-25,CHI,BOS,103.0,119.0,-16,.466,.400,.436,28,41,.506,.800,.517,28,44
2021-01-25,GSW,MIN,130.0,108.0,22,.494,.757,.467,21,46,.415,.880,.333,26,47
2021-01-25,POR,OKC,122.0,125.0,-3,.469,.762,.341,17,50,.512,.600,.450,25,43
2021-01-26,ATL,LAC,108.0,99.0,9,.463,.960,.385,20,46,.404,.864,.308,23,46
2021-01-26,HOU,WAS,107.0,88.0,19,.420,.724,.324,16,44,.393,.739,.192,19,49
2021-01-26,UTA,NYK,108.0,94.0,14,.402,.864,.313,24,53,.434,.706,.370,15,44
2021-01-27,CHO,IND,106.0,116.0,-10,.411,.905,.342,28,39,.511,.833,.400,34,47
2021-01-27,CLE,DET,122.0,107.0,15,.540,.739,.524,24,37,.451,.759,.407,29,40
2021-01-27,ORL,SAC,107.0,121.0,-14,.417,.944,.385,25,47,.489,.654,.424,30,50
2021-01-27,ATL,BRK,128.0,132.0,-4,.479,.893,.394,29,37,.531,.850,.344,29,36
2021-01-27,MIA,DEN,82.0,109.0,-27,.375,.818,.289,24,38,.457,1.000,.326,29,49
2021-01-27,PHI,LAL,107.0,106.0,1,.482,.615,.360,24,38,.477,.640,.333,20,37
2021-01-27,TOR,MIL,108.0,115.0,-7,.404,.833,.400,26,46,.430,.731,.364,30,59
2021-01-27,SAS,BOS,110.0,106.0,4,.561,.625,.286,22,46,.429,.857,.333,15,39
2021-01-27,NOP,WAS,124.0,106.0,18,.517,.625,.395,27,50,.402,.905,.342,29,39
2021-01-27,PHO,OKC,97.0,102.0,-5,.379,.833,.349,19,49,.447,.714,.400,21,48
2021-01-27,UTA,DAL,116.0,104.0,12,.462,.762,.390,20,50,.462,.889,.343,22,36
2021-01-27,GSW,MIN,123.0,111.0,12,.529,.783,.441,32,46,.425,.697,.389,23,39
2021-01-28,HOU,POR,104.0,101.0,3,.422,.833,.277,19,47,.419,.750,.415,16,49
2021-01-28,DET,LAL,107.0,92.0,15,.460,1.000,.389,27,38,.409,.667,.429,25,44
2021-01-28,MIA,LAC,105.0,109.0,-4,.444,.800,.394,24,45,.414,.909,.405,22,55
2021-01-28,PHO,GSW,114.0,93.0,21,.466,.913,.344,34,57,.384,.750,.289,21,48
2021-01-29,CHO,IND,108.0,105.0,3,.506,.667,.432,35,42,.483,.769,.314,30,39
2021-01-29,WAS,ATL,100.0,116.0,-16,.365,.816,.250,13,47,.448,.765,.324,16,47
2021-01-29,NOP,MIL,131.0,126.0,5,.469,.714,.438,32,45,.500,.773,.371,29,49
2021-01-29,NYK,CLE,102.0,81.0,21,.488,.875,.370,20,41,.345,.833,.308,15,43
2021-01-29,TOR,SAC,124.0,126.0,-2,.488,.818,.406,20,35,.551,.774,.444,31,38
2021-01-29,MIN,PHI,94.0,118.0,-24,.427,.778,.303,20,38,.448,.842,.500,20,51
2021-01-29,OKC,BRK,125.0,147.0,-22,.465,.853,.421,23,36,.570,.875,.422,33,50
2021-01-29,ORL,LAC,90.0,116.0,-26,.360,.889,.303,20,49,.489,1.000,.351,25,49
2021-01-29,SAS,DEN,119.0,109.0,10,.543,.808,.435,29,41,.526,.650,.452,25,37
2021-01-29,UTA,DAL,120.0,101.0,19,.437,.923,.417,21,56,.430,.667,.273,20,40
2021-01-30,CHI,POR,122.0,123.0,-1,.506,1.000,.467,31,43,.511,.842,.405,20,35
2021-01-30,CHO,MIL,126.0,114.0,12,.478,.850,.477,32,41,.488,.667,.400,22,46
2021-01-30,MIA,SAC,105.0,104.0,1,.468,.846,.344,25,39,.482,.455,.378,22,41
2021-01-30,NOP,HOU,112.0,126.0,-14,.451,.621,.293,27,48,.489,.800,.435,32,45
2021-01-30,BOS,LAL,95.0,96.0,-1,.488,.643,.286,24,42,.440,.684,.290,20,45
2021-01-30,SAS,MEM,112.0,129.0,-17,.470,.808,.448,25,38,.560,.667,.486,34,45
2021-01-30,DAL,PHO,105.0,111.0,-6,.530,.571,.310,22,38,.457,.871,.455,22,42
2021-01-30,GSW,DET,118.0,91.0,27,.528,.700,.472,34,47,.377,.750,.250,17,38
2021-01-31,NYK,LAC,115.0,129.0,-14,.482,.821,.370,21,36,.543,.857,.447,26,38
2021-01-31,DEN,UTA,128.0,117.0,11,.540,.842,.643,28,39,.427,.846,.426,28,38
2021-01-31,IND,PHI,110.0,119.0,-9,.488,.818,.357,21,41,.489,.677,.308,20,44
2021-01-31,TOR,ORL,115.0,102.0,13,.456,.955,.308,27,48,.402,.821,.361,22,42
2021-01-31,WAS,BRK,149.0,146.0,3,.519,.781,.308,24,39,.568,.818,.528,33,45
2021-01-31,MIN,CLE,109.0,104.0,5,.451,.733,.400,24,34,.488,.783,.250,20,55
2021-02-01,ATL,LAL,99.0,107.0,-8,.474,.824,.379,27,36,.519,.833,.304,24,31
2021-02-01,MIA,CHO,121.0,129.0,-8,.473,.640,.413,28,48,.453,.846,.512,31,44
2021-02-01,CHI,NYK,110.0,102.0,8,.477,.750,.324,30,40,.425,.846,.207,21,45
2021-02-01,CLE,MIN,100.0,98.0,2,.417,.742,.318,26,52,.392,.636,.289,20,45
2021-02-01,MIL,POR,134.0,106.0,28,.552,.583,.500,38,53,.375,1.000,.357,19,45
2021-02-01,NOP,SAC,109.0,118.0,-9,.396,.833,.300,22,46,.477,.769,.326,31,52
2021-02-01,OKC,HOU,106.0,136.0,-30,.438,.789,.382,21,45,.480,.909,.538,30,50
2021-02-01,DAL,PHO,108.0,109.0,-1,.430,.960,.313,16,42,.467,.833,.371,19,45
2021-02-01,SAS,MEM,102.0,133.0,-31,.416,.682,.351,28,42,.559,.778,.500,37,53
